date_key,food_key,meal_key,canteen_section_key,Date,Meal,Canteen_Section,Food_Category,Waste_Weight_kg,Unit_Price_per_kg,Cost_Loss
1,7,1,2,2025-06-11,Breakfast,B,Vegetables,1.81,3.0,5.43
1,6,3,2,2025-06-11,Lunch,B,Soup,3.32,1.5,4.98
1,6,2,2,2025-06-11,Dinner,B,Soup,1.27,1.5,1.9
1,6,3,4,2025-06-11,Lunch,D,Soup,1.1,1.5,1.65
1,4,2,4,2025-06-11,Dinner,D,Meat,4.57,8.0,36.56
1,4,3,1,2025-06-11,Lunch,A,Meat,1.64,8.0,13.12
1,7,2,3,2025-06-11,Dinner,C,Vegetables,2.81,3.0,8.43
1,4,1,4,2025-06-11,Breakfast,D,Meat,4.73,8.0,37.84
1,5,2,1,2025-06-11,Dinner,A,Rice,2.79,2.0,5.58
1,5,1,2,2025-06-11,Breakfast,B,Rice,2.51,2.0,5.02
1,7,2,2,2025-06-11,Dinner,B,Vegetables,3.08,3.0,9.24
1,7,1,1,2025-06-11,Breakfast,A,Vegetables,2.97,3.0,8.91
1,7,3,4,2025-06-11,Lunch,D,Vegetables,3.82,3.0,11.46
1,6,1,4,2025-06-11,Breakfast,D,Soup,2.8,1.5,4.2
1,7,2,4,2025-06-11,Dinner,D,Vegetables,2.36,3.0,7.08
1,5,3,4,2025-06-11,Lunch,D,Rice,3.81,2.0,7.62
1,4,2,3,2025-06-11,Dinner,C,Meat,2.8,8.0,22.4
1,4,3,3,2025-06-11,Lunch,C,Meat,2.12,8.0,16.96
1,4,2,1,2025-06-11,Dinner,A,Meat,4.65,8.0,37.2
1,7,3,3,2025-06-11,Lunch,C,Vegetables,1.02,3.0,3.06
1,5,2,3,2025-06-11,Dinner,C,Rice,0.88,2.0,1.76
1,4,1,3,2025-06-11,Breakfast,C,Meat,4.3,8.0,34.4
1,6,3,1,2025-06-11,Lunch,A,Soup,4.85,1.5,7.28
1,6,1,2,2025-06-11,Breakfast,B,Soup,1.73,1.5,2.6
1,5,1,4,2025-06-11,Breakfast,D,Rice,1.51,2.0,3.02
1,6,2,4,2025-06-11,Dinner,D,Soup,0.68,1.5,1.02
1,6,1,3,2025-06-11,Breakfast,C,Soup,3.5,1.5,5.25
1,7,1,4,2025-06-11,Breakfast,D,Vegetables,4.09,3.0,12.27
1,4,3,4,2025-06-11,Lunch,D,Meat,3.16,8.0,25.28
1,5,3,2,2025-06-11,Lunch,B,Rice,2.08,2.0,4.16
1,6,2,3,2025-06-11,Dinner,C,Soup,0.56,1.5,0.84
1,7,3,1,2025-06-11,Lunch,A,Vegetables,1.68,3.0,5.04
1,7,1,3,2025-06-11,Breakfast,C,Vegetables,1.72,3.0,5.16
1,6,1,1,2025-06-11,Breakfast,A,Soup,3.21,1.5,4.81
1,5,1,3,2025-06-11,Breakfast,C,Rice,3.38,2.0,6.76
1,7,3,2,2025-06-11,Lunch,B,Vegetables,4.94,3.0,14.82
1,5,2,2,2025-06-11,Dinner,B,Rice,0.69,2.0,1.38
1,5,2,4,2025-06-11,Dinner,D,Rice,4.96,2.0,9.92
1,5,1,1,2025-06-11,Breakfast,A,Rice,4.59,2.0,9.18
1,6,3,3,2025-06-11,Lunch,C,Soup,1.87,1.5,2.8
1,5,3,3,2025-06-11,Lunch,C,Rice,2.76,2.0,5.52
1,4,2,2,2025-06-11,Dinner,B,Meat,4.87,8.0,38.96
1,6,2,1,2025-06-11,Dinner,A,Soup,3.52,1.5,5.28
1,4,1,2,2025-06-11,Breakfast,B,Meat,0.55,8.0,4.4
2,7,2,3,2025-06-12,Dinner,C,Vegetables,3.35,3.0,10.05
2,6,2,3,2025-06-12,Dinner,C,Soup,4.12,1.5,6.18
2,4,1,2,2025-06-12,Breakfast,B,Meat,4.19,8.0,33.52
2,7,3,4,2025-06-12,Lunch,D,Vegetables,2.33,3.0,6.99
2,6,3,4,2025-06-12,Lunch,D,Soup,1.68,1.5,2.52
2,4,1,4,2025-06-12,Breakfast,D,Meat,4.33,8.0,34.64
2,6,2,1,2025-06-12,Dinner,A,Soup,1.24,1.5,1.86
2,4,2,3,2025-06-12,Dinner,C,Meat,1.99,8.0,15.92
2,6,3,3,2025-06-12,Lunch,C,Soup,1.79,1.5,2.69
2,7,1,2,2025-06-12,Breakfast,B,Vegetables,4.9,3.0,14.7
2,7,1,4,2025-06-12,Breakfast,D,Vegetables,1.45,3.0,4.35
2,5,1,3,2025-06-12,Breakfast,C,Rice,2.8,2.0,5.6
2,5,2,3,2025-06-12,Dinner,C,Rice,4.08,2.0,8.16
2,7,3,2,2025-06-12,Lunch,B,Vegetables,2.98,3.0,8.94
2,7,2,4,2025-06-12,Dinner,D,Vegetables,0.28,3.0,0.84
2,6,2,2,2025-06-12,Dinner,B,Soup,3.56,1.5,5.34
2,7,3,3,2025-06-12,Lunch,C,Vegetables,2.74,3.0,8.22
2,7,3,1,2025-06-12,Lunch,A,Vegetables,2.59,3.0,7.77
2,6,1,2,2025-06-12,Breakfast,B,Soup,1.29,1.5,1.94
2,4,2,4,2025-06-12,Dinner,D,Meat,2.53,8.0,20.24
2,5,3,3,2025-06-12,Lunch,C,Rice,2.5,2.0,5.0
2,5,1,4,2025-06-12,Breakfast,D,Rice,4.41,2.0,8.82
2,5,2,4,2025-06-12,Dinner,D,Rice,4.91,2.0,9.82
2,6,1,4,2025-06-12,Breakfast,D,Soup,3.97,1.5,5.96
2,4,3,3,2025-06-12,Lunch,C,Meat,0.83,8.0,6.64
2,5,3,2,2025-06-12,Lunch,B,Rice,1.49,2.0,2.98
2,7,2,2,2025-06-12,Dinner,B,Vegetables,3.75,3.0,11.25
2,6,3,1,2025-06-12,Lunch,A,Soup,4.12,1.5,6.18
2,4,2,1,2025-06-12,Dinner,A,Meat,3.52,8.0,28.16
2,7,1,3,2025-06-12,Breakfast,C,Vegetables,4.62,3.0,13.86
2,7,2,1,2025-06-12,Dinner,A,Vegetables,2.9,3.0,8.7
2,5,2,1,2025-06-12,Dinner,A,Rice,1.02,2.0,2.04
2,4,1,3,2025-06-12,Breakfast,C,Meat,1.98,8.0,15.84
2,4,3,4,2025-06-12,Lunch,D,Meat,2.76,8.0,22.08
2,6,1,1,2025-06-12,Breakfast,A,Soup,2.59,1.5,3.88
2,4,3,2,2025-06-12,Lunch,B,Meat,1.56,8.0,12.48
2,6,3,2,2025-06-12,Lunch,B,Soup,4.99,1.5,7.49
2,5,2,2,2025-06-12,Dinner,B,Rice,3.9,2.0,7.8
2,5,1,2,2025-06-12,Breakfast,B,Rice,1.44,2.0,2.88
2,5,1,1,2025-06-12,Breakfast,A,Rice,4.18,2.0,8.36
2,7,1,1,2025-06-12,Breakfast,A,Vegetables,3.61,3.0,10.83
2,4,3,1,2025-06-12,Lunch,A,Meat,4.68,8.0,37.44
2,4,1,1,2025-06-12,Breakfast,A,Meat,2.54,8.0,20.32
2,6,1,3,2025-06-12,Breakfast,C,Soup,2.59,1.5,3.88
2,4,2,2,2025-06-12,Dinner,B,Meat,0.31,8.0,2.48
2,5,3,4,2025-06-12,Lunch,D,Rice,2.8,2.0,5.6
3,6,1,3,2025-06-13,Breakfast,C,Soup,4.85,1.5,7.28
3,4,1,2,2025-06-13,Breakfast,B,Meat,2.34,8.0,18.72
3,6,3,3,2025-06-13,Lunch,C,Soup,4.99,1.5,7.49
3,6,2,1,2025-06-13,Dinner,A,Soup,4.53,1.5,6.79
3,4,2,2,2025-06-13,Dinner,B,Meat,4.0,8.0,32.0
3,7,3,4,2025-06-13,Lunch,D,Vegetables,0.58,3.0,1.74
3,4,3,4,2025-06-13,Lunch,D,Meat,2.23,8.0,17.84
3,5,2,4,2025-06-13,Dinner,D,Rice,0.93,2.0,1.86
3,7,1,4,2025-06-13,Breakfast,D,Vegetables,3.28,3.0,9.84
3,5,2,3,2025-06-13,Dinner,C,Rice,0.81,2.0,1.62
3,5,3,2,2025-06-13,Lunch,B,Rice,3.62,2.0,7.24
3,4,2,4,2025-06-13,Dinner,D,Meat,0.49,8.0,3.92
3,6,3,2,2025-06-13,Lunch,B,Soup,0.28,1.5,0.42
3,4,1,4,2025-06-13,Breakfast,D,Meat,3.49,8.0,27.92
3,5,1,3,2025-06-13,Breakfast,C,Rice,3.31,2.0,6.62
3,6,1,1,2025-06-13,Breakfast,A,Soup,2.26,1.5,3.39
3,6,2,3,2025-06-13,Dinner,C,Soup,3.98,1.5,5.97
3,5,1,1,2025-06-13,Breakfast,A,Rice,2.99,2.0,5.98
3,7,1,3,2025-06-13,Breakfast,C,Vegetables,2.4,3.0,7.2
3,5,2,1,2025-06-13,Dinner,A,Rice,4.38,2.0,8.76
3,7,3,2,2025-06-13,Lunch,B,Vegetables,4.37,3.0,13.11
3,6,2,2,2025-06-13,Dinner,B,Soup,1.94,1.5,2.91
3,4,2,3,2025-06-13,Dinner,C,Meat,2.7,8.0,21.6
3,5,1,4,2025-06-13,Breakfast,D,Rice,1.76,2.0,3.52
3,4,3,1,2025-06-13,Lunch,A,Meat,4.31,8.0,34.48
3,4,1,1,2025-06-13,Breakfast,A,Meat,4.36,8.0,34.88
3,7,1,2,2025-06-13,Breakfast,B,Vegetables,3.64,3.0,10.92
3,7,2,2,2025-06-13,Dinner,B,Vegetables,1.54,3.0,4.62
3,5,2,2,2025-06-13,Dinner,B,Rice,0.33,2.0,0.66
3,4,1,3,2025-06-13,Breakfast,C,Meat,0.86,8.0,6.88
3,4,2,1,2025-06-13,Dinner,A,Meat,2.27,8.0,18.16
3,7,2,3,2025-06-13,Dinner,C,Vegetables,2.87,3.0,8.61
3,6,2,4,2025-06-13,Dinner,D,Soup,3.14,1.5,4.71
3,4,3,2,2025-06-13,Lunch,B,Meat,3.82,8.0,30.56
3,4,3,3,2025-06-13,Lunch,C,Meat,3.19,8.0,25.52
3,5,1,2,2025-06-13,Breakfast,B,Rice,2.68,2.0,5.36
3,6,3,1,2025-06-13,Lunch,A,Soup,1.65,1.5,2.47
3,6,3,4,2025-06-13,Lunch,D,Soup,3.21,1.5,4.81
3,5,3,1,2025-06-13,Lunch,A,Rice,4.28,2.0,8.56
3,7,3,1,2025-06-13,Lunch,A,Vegetables,1.96,3.0,5.88
3,5,3,4,2025-06-13,Lunch,D,Rice,3.76,2.0,7.52
3,5,3,3,2025-06-13,Lunch,C,Rice,0.44,2.0,0.88
3,7,2,4,2025-06-13,Dinner,D,Vegetables,4.37,3.0,13.11
3,6,1,4,2025-06-13,Breakfast,D,Soup,4.27,1.5,6.4
4,5,3,3,2025-06-14,Lunch,C,Rice,4.96,2.0,9.92
4,4,3,2,2025-06-14,Lunch,B,Meat,1.26,8.0,10.08
4,5,1,2,2025-06-14,Breakfast,B,Rice,1.34,2.0,2.68
4,5,2,1,2025-06-14,Dinner,A,Rice,0.34,2.0,0.68
4,5,2,2,2025-06-14,Dinner,B,Rice,1.5,2.0,3.0
4,6,3,2,2025-06-14,Lunch,B,Soup,2.92,1.5,4.38
4,6,1,2,2025-06-14,Breakfast,B,Soup,4.04,1.5,6.06
4,4,2,2,2025-06-14,Dinner,B,Meat,4.01,8.0,32.08
4,6,3,4,2025-06-14,Lunch,D,Soup,3.75,1.5,5.62
4,4,2,3,2025-06-14,Dinner,C,Meat,3.14,8.0,25.12
4,6,1,3,2025-06-14,Breakfast,C,Soup,2.26,1.5,3.39
4,5,1,4,2025-06-14,Breakfast,D,Rice,1.79,2.0,3.58
4,6,1,1,2025-06-14,Breakfast,A,Soup,2.36,1.5,3.54
4,6,2,4,2025-06-14,Dinner,D,Soup,4.53,1.5,6.79
4,7,1,2,2025-06-14,Breakfast,B,Vegetables,0.15,3.0,0.45
4,5,1,1,2025-06-14,Breakfast,A,Rice,1.28,2.0,2.56
4,4,2,1,2025-06-14,Dinner,A,Meat,3.07,8.0,24.56
4,6,2,2,2025-06-14,Dinner,B,Soup,1.83,1.5,2.75
4,5,2,3,2025-06-14,Dinner,C,Rice,3.22,2.0,6.44
4,7,3,4,2025-06-14,Lunch,D,Vegetables,3.46,3.0,10.38
4,7,2,1,2025-06-14,Dinner,A,Vegetables,2.53,3.0,7.59
4,6,1,4,2025-06-14,Breakfast,D,Soup,2.18,1.5,3.27
4,6,2,1,2025-06-14,Dinner,A,Soup,4.53,1.5,6.79
4,4,1,4,2025-06-14,Breakfast,D,Meat,2.98,8.0,23.84
4,4,1,3,2025-06-14,Breakfast,C,Meat,3.42,8.0,27.36
4,6,3,1,2025-06-14,Lunch,A,Soup,1.98,1.5,2.97
4,7,1,3,2025-06-14,Breakfast,C,Vegetables,0.87,3.0,2.61
4,4,1,2,2025-06-14,Breakfast,B,Meat,1.35,8.0,10.8
4,5,3,4,2025-06-14,Lunch,D,Rice,1.44,2.0,2.88
4,4,1,1,2025-06-14,Breakfast,A,Meat,4.57,8.0,36.56
4,7,3,3,2025-06-14,Lunch,C,Vegetables,4.89,3.0,14.67
4,5,2,4,2025-06-14,Dinner,D,Rice,3.33,2.0,6.66
4,5,1,3,2025-06-14,Breakfast,C,Rice,4.52,2.0,9.04
4,7,3,1,2025-06-14,Lunch,A,Vegetables,1.08,3.0,3.24
4,7,3,2,2025-06-14,Lunch,B,Vegetables,2.9,3.0,8.7
4,7,2,2,2025-06-14,Dinner,B,Vegetables,3.07,3.0,9.21
4,5,3,2,2025-06-14,Lunch,B,Rice,2.47,2.0,4.94
4,6,2,3,2025-06-14,Dinner,C,Soup,3.63,1.5,5.45
4,4,3,3,2025-06-14,Lunch,C,Meat,1.55,8.0,12.4
4,4,3,4,2025-06-14,Lunch,D,Meat,2.87,8.0,22.96
4,7,2,4,2025-06-14,Dinner,D,Vegetables,3.18,3.0,9.54
4,6,3,3,2025-06-14,Lunch,C,Soup,3.33,1.5,5.0
4,7,1,4,2025-06-14,Breakfast,D,Vegetables,3.23,3.0,9.69
5,4,1,1,2025-06-15,Breakfast,A,Meat,1.61,8.0,12.88
5,6,2,1,2025-06-15,Dinner,A,Soup,3.4,1.5,5.1
5,5,1,1,2025-06-15,Breakfast,A,Rice,3.27,2.0,6.54
5,5,1,2,2025-06-15,Breakfast,B,Rice,3.69,2.0,7.38
5,6,3,3,2025-06-15,Lunch,C,Soup,4.9,1.5,7.35
5,6,3,1,2025-06-15,Lunch,A,Soup,3.76,1.5,5.64
5,6,3,2,2025-06-15,Lunch,B,Soup,0.79,1.5,1.18
5,5,1,4,2025-06-15,Breakfast,D,Rice,2.7,2.0,5.4
5,5,2,2,2025-06-15,Dinner,B,Rice,3.39,2.0,6.78
5,4,2,3,2025-06-15,Dinner,C,Meat,1.25,8.0,10.0
5,5,3,4,2025-06-15,Lunch,D,Rice,4.84,2.0,9.68
5,5,2,3,2025-06-15,Dinner,C,Rice,0.63,2.0,1.26
5,5,2,1,2025-06-15,Dinner,A,Rice,0.17,2.0,0.34
5,7,3,2,2025-06-15,Lunch,B,Vegetables,4.82,3.0,14.46
5,6,1,1,2025-06-15,Breakfast,A,Soup,2.94,1.5,4.41
5,6,2,4,2025-06-15,Dinner,D,Soup,0.41,1.5,0.62
5,4,3,4,2025-06-15,Lunch,D,Meat,4.04,8.0,32.32
5,4,3,3,2025-06-15,Lunch,C,Meat,4.31,8.0,34.48
5,7,3,3,2025-06-15,Lunch,C,Vegetables,3.65,3.0,10.95
5,4,1,4,2025-06-15,Breakfast,D,Meat,4.58,8.0,36.64
5,6,2,3,2025-06-15,Dinner,C,Soup,4.43,1.5,6.64
5,6,2,2,2025-06-15,Dinner,B,Soup,4.71,1.5,7.06
5,7,2,4,2025-06-15,Dinner,D,Vegetables,1.18,3.0,3.54
5,7,1,1,2025-06-15,Breakfast,A,Vegetables,2.26,3.0,6.78
5,6,1,3,2025-06-15,Breakfast,C,Soup,4.86,1.5,7.29
5,7,3,4,2025-06-15,Lunch,D,Vegetables,1.89,3.0,5.67
5,5,3,3,2025-06-15,Lunch,C,Rice,4.84,2.0,9.68
5,7,2,2,2025-06-15,Dinner,B,Vegetables,4.13,3.0,12.39
5,6,1,2,2025-06-15,Breakfast,B,Soup,3.76,1.5,5.64
5,7,2,1,2025-06-15,Dinner,A,Vegetables,2.33,3.0,6.99
5,7,2,3,2025-06-15,Dinner,C,Vegetables,0.22,3.0,0.66
5,4,3,1,2025-06-15,Lunch,A,Meat,2.46,8.0,19.68
5,6,3,4,2025-06-15,Lunch,D,Soup,3.97,1.5,5.96
5,4,2,2,2025-06-15,Dinner,B,Meat,2.96,8.0,23.68
5,5,3,2,2025-06-15,Lunch,B,Rice,1.76,2.0,3.52
5,6,1,4,2025-06-15,Breakfast,D,Soup,1.36,1.5,2.04
5,5,3,1,2025-06-15,Lunch,A,Rice,4.14,2.0,8.28
5,4,2,4,2025-06-15,Dinner,D,Meat,4.58,8.0,36.64
5,7,1,2,2025-06-15,Breakfast,B,Vegetables,1.55,3.0,4.65
5,7,3,1,2025-06-15,Lunch,A,Vegetables,4.05,3.0,12.15
5,4,3,2,2025-06-15,Lunch,B,Meat,0.66,8.0,5.28
5,5,2,4,2025-06-15,Dinner,D,Rice,2.85,2.0,5.7
6,4,1,2,2025-06-16,Breakfast,B,Meat,4.74,8.0,37.92
6,7,1,1,2025-06-16,Breakfast,A,Vegetables,1.58,3.0,4.74
6,5,1,4,2025-06-16,Breakfast,D,Rice,3.39,2.0,6.78
6,7,3,1,2025-06-16,Lunch,A,Vegetables,2.13,3.0,6.39
6,6,2,4,2025-06-16,Dinner,D,Soup,3.85,1.5,5.78
6,4,3,3,2025-06-16,Lunch,C,Meat,2.27,8.0,18.16
6,5,3,3,2025-06-16,Lunch,C,Rice,1.92,2.0,3.84
6,5,3,1,2025-06-16,Lunch,A,Rice,3.74,2.0,7.48
6,5,1,2,2025-06-16,Breakfast,B,Rice,0.78,2.0,1.56
6,4,3,2,2025-06-16,Lunch,B,Meat,2.1,8.0,16.8
6,7,2,2,2025-06-16,Dinner,B,Vegetables,3.35,3.0,10.05
6,6,2,2,2025-06-16,Dinner,B,Soup,3.24,1.5,4.86
6,6,1,2,2025-06-16,Breakfast,B,Soup,2.51,1.5,3.76
6,4,2,2,2025-06-16,Dinner,B,Meat,2.33,8.0,18.64
6,6,3,2,2025-06-16,Lunch,B,Soup,0.26,1.5,0.39
6,5,3,2,2025-06-16,Lunch,B,Rice,2.5,2.0,5.0
6,4,2,1,2025-06-16,Dinner,A,Meat,2.05,8.0,16.4
6,7,3,3,2025-06-16,Lunch,C,Vegetables,4.76,3.0,14.28
6,4,3,4,2025-06-16,Lunch,D,Meat,3.46,8.0,27.68
6,5,2,4,2025-06-16,Dinner,D,Rice,0.72,2.0,1.44
6,7,2,3,2025-06-16,Dinner,C,Vegetables,3.96,3.0,11.88
6,7,1,3,2025-06-16,Breakfast,C,Vegetables,0.76,3.0,2.28
6,5,1,3,2025-06-16,Breakfast,C,Rice,0.58,2.0,1.16
6,6,3,4,2025-06-16,Lunch,D,Soup,4.89,1.5,7.33
6,6,2,1,2025-06-16,Dinner,A,Soup,0.7,1.5,1.05
6,7,1,4,2025-06-16,Breakfast,D,Vegetables,4.74,3.0,14.22
6,7,1,2,2025-06-16,Breakfast,B,Vegetables,1.59,3.0,4.77
6,4,2,4,2025-06-16,Dinner,D,Meat,2.87,8.0,22.96
6,6,3,1,2025-06-16,Lunch,A,Soup,0.59,1.5,0.88
6,4,1,3,2025-06-16,Breakfast,C,Meat,4.45,8.0,35.6
6,6,2,3,2025-06-16,Dinner,C,Soup,1.29,1.5,1.94
6,6,3,3,2025-06-16,Lunch,C,Soup,4.29,1.5,6.44
6,4,3,1,2025-06-16,Lunch,A,Meat,0.86,8.0,6.88
6,5,2,2,2025-06-16,Dinner,B,Rice,4.26,2.0,8.52
6,5,2,1,2025-06-16,Dinner,A,Rice,1.86,2.0,3.72
6,4,2,3,2025-06-16,Dinner,C,Meat,0.2,8.0,1.6
6,7,3,4,2025-06-16,Lunch,D,Vegetables,2.77,3.0,8.31
6,5,2,3,2025-06-16,Dinner,C,Rice,3.03,2.0,6.06
6,6,1,3,2025-06-16,Breakfast,C,Soup,2.32,1.5,3.48
6,6,1,4,2025-06-16,Breakfast,D,Soup,2.15,1.5,3.22
6,5,1,1,2025-06-16,Breakfast,A,Rice,4.14,2.0,8.28
6,6,1,1,2025-06-16,Breakfast,A,Soup,2.1,1.5,3.15
6,7,2,1,2025-06-16,Dinner,A,Vegetables,1.03,3.0,3.09
6,5,3,4,2025-06-16,Lunch,D,Rice,0.59,2.0,1.18
6,7,2,4,2025-06-16,Dinner,D,Vegetables,0.44,3.0,1.32
7,6,2,2,2025-06-17,Dinner,B,Soup,2.5,1.5,3.75
7,4,1,3,2025-06-17,Breakfast,C,Meat,0.74,8.0,5.92
7,5,1,1,2025-06-17,Breakfast,A,Rice,1.12,2.0,2.24
7,5,2,4,2025-06-17,Dinner,D,Rice,0.42,2.0,0.84
7,6,1,1,2025-06-17,Breakfast,A,Soup,1.71,1.5,2.56
7,4,3,1,2025-06-17,Lunch,A,Meat,1.69,8.0,13.52
7,5,1,4,2025-06-17,Breakfast,D,Rice,3.34,2.0,6.68
7,7,1,2,2025-06-17,Breakfast,B,Vegetables,0.11,3.0,0.33
7,5,3,1,2025-06-17,Lunch,A,Rice,1.27,2.0,2.54
7,6,1,2,2025-06-17,Breakfast,B,Soup,4.31,1.5,6.46
7,4,2,3,2025-06-17,Dinner,C,Meat,0.46,8.0,3.68
7,7,3,2,2025-06-17,Lunch,B,Vegetables,3.75,3.0,11.25
7,4,1,1,2025-06-17,Breakfast,A,Meat,1.16,8.0,9.28
7,7,2,4,2025-06-17,Dinner,D,Vegetables,3.2,3.0,9.6
7,5,3,3,2025-06-17,Lunch,C,Rice,3.91,2.0,7.82
7,6,3,2,2025-06-17,Lunch,B,Soup,2.43,1.5,3.65
7,6,1,4,2025-06-17,Breakfast,D,Soup,3.97,1.5,5.96
7,7,3,1,2025-06-17,Lunch,A,Vegetables,0.95,3.0,2.85
7,7,3,3,2025-06-17,Lunch,C,Vegetables,0.63,3.0,1.89
7,5,3,2,2025-06-17,Lunch,B,Rice,3.73,2.0,7.46
7,5,1,2,2025-06-17,Breakfast,B,Rice,0.82,2.0,1.64
7,4,2,2,2025-06-17,Dinner,B,Meat,2.07,8.0,16.56
7,4,3,3,2025-06-17,Lunch,C,Meat,2.61,8.0,20.88
7,6,1,3,2025-06-17,Breakfast,C,Soup,0.96,1.5,1.44
7,5,2,3,2025-06-17,Dinner,C,Rice,4.56,2.0,9.12
7,7,2,2,2025-06-17,Dinner,B,Vegetables,3.46,3.0,10.38
7,6,3,1,2025-06-17,Lunch,A,Soup,0.36,1.5,0.54
7,6,2,1,2025-06-17,Dinner,A,Soup,0.4,1.5,0.6
7,5,3,4,2025-06-17,Lunch,D,Rice,4.73,2.0,9.46
7,6,3,3,2025-06-17,Lunch,C,Soup,2.57,1.5,3.85
7,4,1,4,2025-06-17,Breakfast,D,Meat,0.23,8.0,1.84
7,7,1,1,2025-06-17,Breakfast,A,Vegetables,4.36,3.0,13.08
7,7,1,3,2025-06-17,Breakfast,C,Vegetables,1.33,3.0,3.99
7,5,2,2,2025-06-17,Dinner,B,Rice,2.45,2.0,4.9
7,4,3,2,2025-06-17,Lunch,B,Meat,2.68,8.0,21.44
7,6,2,4,2025-06-17,Dinner,D,Soup,2.79,1.5,4.19
7,6,2,3,2025-06-17,Dinner,C,Soup,3.08,1.5,4.62
7,5,1,3,2025-06-17,Breakfast,C,Rice,0.81,2.0,1.62
7,4,2,1,2025-06-17,Dinner,A,Meat,2.34,8.0,18.72
7,7,1,4,2025-06-17,Breakfast,D,Vegetables,0.17,3.0,0.51
7,7,3,4,2025-06-17,Lunch,D,Vegetables,3.94,3.0,11.82
7,5,2,1,2025-06-17,Dinner,A,Rice,2.66,2.0,5.32
7,4,2,4,2025-06-17,Dinner,D,Meat,1.45,8.0,11.6
7,6,3,4,2025-06-17,Lunch,D,Soup,4.35,1.5,6.52
7,7,2,1,2025-06-17,Dinner,A,Vegetables,4.82,3.0,14.46
8,5,1,2,2025-06-18,Breakfast,B,Rice,3.07,2.0,6.14
8,6,1,4,2025-06-18,Breakfast,D,Soup,2.32,1.5,3.48
8,5,3,4,2025-06-18,Lunch,D,Rice,4.08,2.0,8.16
8,7,3,1,2025-06-18,Lunch,A,Vegetables,2.19,3.0,6.57
8,4,2,3,2025-06-18,Dinner,C,Meat,1.82,8.0,14.56
8,7,2,1,2025-06-18,Dinner,A,Vegetables,1.83,3.0,5.49
8,4,2,2,2025-06-18,Dinner,B,Meat,4.35,8.0,34.8
8,4,3,1,2025-06-18,Lunch,A,Meat,0.57,8.0,4.56
8,5,2,4,2025-06-18,Dinner,D,Rice,3.32,2.0,6.64
8,5,2,1,2025-06-18,Dinner,A,Rice,1.72,2.0,3.44
8,6,1,3,2025-06-18,Breakfast,C,Soup,1.15,1.5,1.72
8,5,2,2,2025-06-18,Dinner,B,Rice,3.78,2.0,7.56
8,7,1,1,2025-06-18,Breakfast,A,Vegetables,2.7,3.0,8.1
8,5,3,1,2025-06-18,Lunch,A,Rice,2.14,2.0,4.28
8,7,3,4,2025-06-18,Lunch,D,Vegetables,2.97,3.0,8.91
8,5,1,4,2025-06-18,Breakfast,D,Rice,2.31,2.0,4.62
8,4,3,2,2025-06-18,Lunch,B,Meat,0.85,8.0,6.8
8,6,2,1,2025-06-18,Dinner,A,Soup,3.36,1.5,5.04
8,6,1,2,2025-06-18,Breakfast,B,Soup,4.28,1.5,6.42
8,6,3,1,2025-06-18,Lunch,A,Soup,3.36,1.5,5.04
8,4,2,4,2025-06-18,Dinner,D,Meat,1.2,8.0,9.6
8,6,3,2,2025-06-18,Lunch,B,Soup,0.43,1.5,0.64
8,6,3,3,2025-06-18,Lunch,C,Soup,3.72,1.5,5.58
8,5,2,3,2025-06-18,Dinner,C,Rice,3.04,2.0,6.08
8,4,1,3,2025-06-18,Breakfast,C,Meat,3.87,8.0,30.96
8,7,3,2,2025-06-18,Lunch,B,Vegetables,4.62,3.0,13.86
8,7,1,2,2025-06-18,Breakfast,B,Vegetables,3.54,3.0,10.62
8,6,1,1,2025-06-18,Breakfast,A,Soup,2.32,1.5,3.48
8,5,3,3,2025-06-18,Lunch,C,Rice,4.18,2.0,8.36
8,6,2,4,2025-06-18,Dinner,D,Soup,4.24,1.5,6.36
8,4,1,2,2025-06-18,Breakfast,B,Meat,0.59,8.0,4.72
8,5,1,3,2025-06-18,Breakfast,C,Rice,3.29,2.0,6.58
8,5,1,1,2025-06-18,Breakfast,A,Rice,1.69,2.0,3.38
8,4,3,4,2025-06-18,Lunch,D,Meat,2.83,8.0,22.64
8,4,1,4,2025-06-18,Breakfast,D,Meat,1.22,8.0,9.76
8,7,1,4,2025-06-18,Breakfast,D,Vegetables,1.76,3.0,5.28
8,4,3,3,2025-06-18,Lunch,C,Meat,0.56,8.0,4.48
8,7,2,2,2025-06-18,Dinner,B,Vegetables,3.63,3.0,10.89
8,5,3,2,2025-06-18,Lunch,B,Rice,1.93,2.0,3.86
8,6,2,2,2025-06-18,Dinner,B,Soup,4.85,1.5,7.28
8,4,2,1,2025-06-18,Dinner,A,Meat,0.7,8.0,5.6
8,7,3,3,2025-06-18,Lunch,C,Vegetables,0.57,3.0,1.71
8,6,3,4,2025-06-18,Lunch,D,Soup,2.85,1.5,4.28
8,7,2,4,2025-06-18,Dinner,D,Vegetables,0.63,3.0,1.89
8,7,1,3,2025-06-18,Breakfast,C,Vegetables,3.63,3.0,10.89
9,6,3,4,2025-06-19,Lunch,D,Soup,2.88,1.5,4.32
9,6,1,1,2025-06-19,Breakfast,A,Soup,4.06,1.5,6.09
9,5,3,2,2025-06-19,Lunch,B,Rice,2.06,2.0,4.12
9,4,3,4,2025-06-19,Lunch,D,Meat,3.64,8.0,29.12
9,6,3,3,2025-06-19,Lunch,C,Soup,1.77,1.5,2.66
9,4,1,1,2025-06-19,Breakfast,A,Meat,3.84,8.0,30.72
9,7,3,4,2025-06-19,Lunch,D,Vegetables,3.91,3.0,11.73
9,4,3,2,2025-06-19,Lunch,B,Meat,0.8,8.0,6.4
9,7,2,4,2025-06-19,Dinner,D,Vegetables,3.42,3.0,10.26
9,6,3,2,2025-06-19,Lunch,B,Soup,0.25,1.5,0.38
9,7,2,2,2025-06-19,Dinner,B,Vegetables,3.34,3.0,10.02
9,4,1,2,2025-06-19,Breakfast,B,Meat,4.88,8.0,39.04
9,5,2,1,2025-06-19,Dinner,A,Rice,0.52,2.0,1.04
9,5,1,2,2025-06-19,Breakfast,B,Rice,4.24,2.0,8.48
9,5,3,3,2025-06-19,Lunch,C,Rice,3.76,2.0,7.52
9,5,1,1,2025-06-19,Breakfast,A,Rice,1.9,2.0,3.8
9,5,2,2,2025-06-19,Dinner,B,Rice,3.4,2.0,6.8
9,6,2,4,2025-06-19,Dinner,D,Soup,2.48,1.5,3.72
9,7,1,1,2025-06-19,Breakfast,A,Vegetables,2.91,3.0,8.73
9,5,2,3,2025-06-19,Dinner,C,Rice,2.27,2.0,4.54
9,7,1,3,2025-06-19,Breakfast,C,Vegetables,4.65,3.0,13.95
9,6,2,3,2025-06-19,Dinner,C,Soup,0.66,1.5,0.99
9,6,2,2,2025-06-19,Dinner,B,Soup,2.48,1.5,3.72
9,6,2,1,2025-06-19,Dinner,A,Soup,3.13,1.5,4.7
9,4,3,3,2025-06-19,Lunch,C,Meat,1.15,8.0,9.2
9,7,3,3,2025-06-19,Lunch,C,Vegetables,2.16,3.0,6.48
9,7,1,2,2025-06-19,Breakfast,B,Vegetables,4.11,3.0,12.33
9,7,3,1,2025-06-19,Lunch,A,Vegetables,4.36,3.0,13.08
9,7,2,3,2025-06-19,Dinner,C,Vegetables,3.8,3.0,11.4
9,4,2,2,2025-06-19,Dinner,B,Meat,1.43,8.0,11.44
9,6,1,4,2025-06-19,Breakfast,D,Soup,1.61,1.5,2.42
9,4,3,1,2025-06-19,Lunch,A,Meat,0.13,8.0,1.04
9,7,3,2,2025-06-19,Lunch,B,Vegetables,3.2,3.0,9.6
9,4,2,4,2025-06-19,Dinner,D,Meat,1.49,8.0,11.92
9,4,2,1,2025-06-19,Dinner,A,Meat,0.36,8.0,2.88
9,5,2,4,2025-06-19,Dinner,D,Rice,2.21,2.0,4.42
9,5,3,4,2025-06-19,Lunch,D,Rice,1.91,2.0,3.82
9,4,2,3,2025-06-19,Dinner,C,Meat,1.44,8.0,11.52
9,5,1,4,2025-06-19,Breakfast,D,Rice,1.41,2.0,2.82
9,7,1,4,2025-06-19,Breakfast,D,Vegetables,3.54,3.0,10.62
9,6,1,3,2025-06-19,Breakfast,C,Soup,4.16,1.5,6.24
9,4,1,3,2025-06-19,Breakfast,C,Meat,0.23,8.0,1.84
10,4,1,4,2025-06-20,Breakfast,D,Meat,1.96,8.0,15.68
10,5,2,2,2025-06-20,Dinner,B,Rice,4.24,2.0,8.48
10,7,1,4,2025-06-20,Breakfast,D,Vegetables,3.55,3.0,10.65
10,4,3,4,2025-06-20,Lunch,D,Meat,0.2,8.0,1.6
10,7,2,2,2025-06-20,Dinner,B,Vegetables,2.99,3.0,8.97
10,6,1,2,2025-06-20,Breakfast,B,Soup,0.77,1.5,1.16
10,5,1,2,2025-06-20,Breakfast,B,Rice,0.14,2.0,0.28
10,4,3,3,2025-06-20,Lunch,C,Meat,2.91,8.0,23.28
10,7,3,4,2025-06-20,Lunch,D,Vegetables,1.69,3.0,5.07
10,7,1,3,2025-06-20,Breakfast,C,Vegetables,0.14,3.0,0.42
10,5,3,4,2025-06-20,Lunch,D,Rice,0.66,2.0,1.32
10,7,3,1,2025-06-20,Lunch,A,Vegetables,0.45,3.0,1.35
10,4,3,1,2025-06-20,Lunch,A,Meat,4.05,8.0,32.4
10,4,1,1,2025-06-20,Breakfast,A,Meat,0.32,8.0,2.56
10,5,2,3,2025-06-20,Dinner,C,Rice,2.04,2.0,4.08
10,6,3,1,2025-06-20,Lunch,A,Soup,4.32,1.5,6.48
10,6,2,2,2025-06-20,Dinner,B,Soup,2.67,1.5,4.0
10,5,3,3,2025-06-20,Lunch,C,Rice,2.92,2.0,5.84
10,7,1,1,2025-06-20,Breakfast,A,Vegetables,2.04,3.0,6.12
10,5,2,1,2025-06-20,Dinner,A,Rice,3.13,2.0,6.26
10,7,3,2,2025-06-20,Lunch,B,Vegetables,4.61,3.0,13.83
10,6,1,4,2025-06-20,Breakfast,D,Soup,2.55,1.5,3.82
10,4,2,1,2025-06-20,Dinner,A,Meat,4.18,8.0,33.44
10,4,3,2,2025-06-20,Lunch,B,Meat,0.19,8.0,1.52
10,6,2,3,2025-06-20,Dinner,C,Soup,1.73,1.5,2.6
10,6,1,1,2025-06-20,Breakfast,A,Soup,3.04,1.5,4.56
10,5,1,3,2025-06-20,Breakfast,C,Rice,1.35,2.0,2.7
10,6,1,3,2025-06-20,Breakfast,C,Soup,3.76,1.5,5.64
10,5,3,1,2025-06-20,Lunch,A,Rice,4.18,2.0,8.36
10,4,1,2,2025-06-20,Breakfast,B,Meat,1.58,8.0,12.64
10,7,1,2,2025-06-20,Breakfast,B,Vegetables,1.14,3.0,3.42
10,5,1,1,2025-06-20,Breakfast,A,Rice,3.37,2.0,6.74
10,5,1,4,2025-06-20,Breakfast,D,Rice,0.96,2.0,1.92
10,7,3,3,2025-06-20,Lunch,C,Vegetables,3.58,3.0,10.74
10,6,2,4,2025-06-20,Dinner,D,Soup,2.6,1.5,3.9
10,4,1,3,2025-06-20,Breakfast,C,Meat,1.71,8.0,13.68
10,5,2,4,2025-06-20,Dinner,D,Rice,0.92,2.0,1.84
10,4,2,4,2025-06-20,Dinner,D,Meat,2.6,8.0,20.8
10,4,2,3,2025-06-20,Dinner,C,Meat,1.62,8.0,12.96
10,6,3,4,2025-06-20,Lunch,D,Soup,4.03,1.5,6.04
10,7,2,4,2025-06-20,Dinner,D,Vegetables,0.66,3.0,1.98
10,6,2,1,2025-06-20,Dinner,A,Soup,0.53,1.5,0.8
11,5,1,2,2025-06-21,Breakfast,B,Rice,4.09,2.0,8.18
11,4,1,3,2025-06-21,Breakfast,C,Meat,3.83,8.0,30.64
11,4,2,3,2025-06-21,Dinner,C,Meat,3.98,8.0,31.84
11,6,3,4,2025-06-21,Lunch,D,Soup,2.31,1.5,3.46
11,6,3,3,2025-06-21,Lunch,C,Soup,1.45,1.5,2.17
11,5,2,4,2025-06-21,Dinner,D,Rice,4.07,2.0,8.14
11,4,1,2,2025-06-21,Breakfast,B,Meat,1.26,8.0,10.08
11,5,2,2,2025-06-21,Dinner,B,Rice,4.29,2.0,8.58
11,7,3,4,2025-06-21,Lunch,D,Vegetables,1.62,3.0,4.86
11,7,1,2,2025-06-21,Breakfast,B,Vegetables,0.82,3.0,2.46
11,5,3,2,2025-06-21,Lunch,B,Rice,3.16,2.0,6.32
11,5,3,3,2025-06-21,Lunch,C,Rice,0.43,2.0,0.86
11,6,3,2,2025-06-21,Lunch,B,Soup,0.84,1.5,1.26
11,7,2,4,2025-06-21,Dinner,D,Vegetables,1.68,3.0,5.04
11,4,2,1,2025-06-21,Dinner,A,Meat,4.18,8.0,33.44
11,7,3,1,2025-06-21,Lunch,A,Vegetables,2.87,3.0,8.61
11,4,2,2,2025-06-21,Dinner,B,Meat,3.11,8.0,24.88
11,4,3,3,2025-06-21,Lunch,C,Meat,2.27,8.0,18.16
11,4,1,4,2025-06-21,Breakfast,D,Meat,2.52,8.0,20.16
11,7,1,4,2025-06-21,Breakfast,D,Vegetables,3.8,3.0,11.4
11,4,2,4,2025-06-21,Dinner,D,Meat,3.29,8.0,26.32
11,6,1,3,2025-06-21,Breakfast,C,Soup,0.97,1.5,1.46
11,5,2,3,2025-06-21,Dinner,C,Rice,2.82,2.0,5.64
11,6,3,1,2025-06-21,Lunch,A,Soup,3.21,1.5,4.81
11,6,1,4,2025-06-21,Breakfast,D,Soup,3.82,1.5,5.73
11,5,3,1,2025-06-21,Lunch,A,Rice,2.3,2.0,4.6
11,7,1,1,2025-06-21,Breakfast,A,Vegetables,3.66,3.0,10.98
11,5,3,4,2025-06-21,Lunch,D,Rice,0.38,2.0,0.76
11,7,2,1,2025-06-21,Dinner,A,Vegetables,0.48,3.0,1.44
11,7,2,3,2025-06-21,Dinner,C,Vegetables,4.49,3.0,13.47
11,6,2,1,2025-06-21,Dinner,A,Soup,4.33,1.5,6.5
11,6,2,4,2025-06-21,Dinner,D,Soup,2.43,1.5,3.65
11,4,3,2,2025-06-21,Lunch,B,Meat,4.33,8.0,34.64
11,6,1,1,2025-06-21,Breakfast,A,Soup,4.11,1.5,6.17
11,4,1,1,2025-06-21,Breakfast,A,Meat,1.81,8.0,14.48
11,6,1,2,2025-06-21,Breakfast,B,Soup,1.07,1.5,1.6
11,5,2,1,2025-06-21,Dinner,A,Rice,0.38,2.0,0.76
11,6,2,2,2025-06-21,Dinner,B,Soup,2.37,1.5,3.56
11,7,3,3,2025-06-21,Lunch,C,Vegetables,1.58,3.0,4.74
11,7,2,2,2025-06-21,Dinner,B,Vegetables,2.58,3.0,7.74
11,6,2,3,2025-06-21,Dinner,C,Soup,2.3,1.5,3.45
11,4,3,4,2025-06-21,Lunch,D,Meat,2.59,8.0,20.72
11,5,1,1,2025-06-21,Breakfast,A,Rice,4.54,2.0,9.08
11,4,3,1,2025-06-21,Lunch,A,Meat,4.63,8.0,37.04
11,7,1,3,2025-06-21,Breakfast,C,Vegetables,3.31,3.0,9.93
12,5,2,2,2025-06-22,Dinner,B,Rice,4.7,2.0,9.4
12,7,2,2,2025-06-22,Dinner,B,Vegetables,1.95,3.0,5.85
12,6,1,1,2025-06-22,Breakfast,A,Soup,4.51,1.5,6.76
12,5,1,3,2025-06-22,Breakfast,C,Rice,1.31,2.0,2.62
12,5,3,3,2025-06-22,Lunch,C,Rice,3.65,2.0,7.3
12,6,3,2,2025-06-22,Lunch,B,Soup,1.49,1.5,2.24
12,4,2,1,2025-06-22,Dinner,A,Meat,3.52,8.0,28.16
12,5,1,2,2025-06-22,Breakfast,B,Rice,1.78,2.0,3.56
12,7,3,2,2025-06-22,Lunch,B,Vegetables,3.42,3.0,10.26
12,7,3,4,2025-06-22,Lunch,D,Vegetables,0.79,3.0,2.37
12,6,2,4,2025-06-22,Dinner,D,Soup,2.17,1.5,3.25
12,6,1,3,2025-06-22,Breakfast,C,Soup,2.66,1.5,3.99
12,5,3,1,2025-06-22,Lunch,A,Rice,1.76,2.0,3.52
12,4,3,3,2025-06-22,Lunch,C,Meat,3.32,8.0,26.56
12,5,3,2,2025-06-22,Lunch,B,Rice,0.42,2.0,0.84
12,4,3,1,2025-06-22,Lunch,A,Meat,3.03,8.0,24.24
12,6,3,4,2025-06-22,Lunch,D,Soup,1.81,1.5,2.72
12,6,1,4,2025-06-22,Breakfast,D,Soup,2.1,1.5,3.15
12,4,1,1,2025-06-22,Breakfast,A,Meat,0.4,8.0,3.2
12,4,3,2,2025-06-22,Lunch,B,Meat,0.56,8.0,4.48
12,7,1,4,2025-06-22,Breakfast,D,Vegetables,1.49,3.0,4.47
12,7,1,1,2025-06-22,Breakfast,A,Vegetables,0.61,3.0,1.83
12,5,2,3,2025-06-22,Dinner,C,Rice,4.08,2.0,8.16
12,6,3,3,2025-06-22,Lunch,C,Soup,4.38,1.5,6.57
12,4,1,2,2025-06-22,Breakfast,B,Meat,3.6,8.0,28.8
12,7,2,3,2025-06-22,Dinner,C,Vegetables,4.16,3.0,12.48
12,7,3,3,2025-06-22,Lunch,C,Vegetables,4.54,3.0,13.62
12,4,1,3,2025-06-22,Breakfast,C,Meat,2.25,8.0,18.0
12,5,2,1,2025-06-22,Dinner,A,Rice,4.84,2.0,9.68
12,7,1,3,2025-06-22,Breakfast,C,Vegetables,2.25,3.0,6.75
12,4,1,4,2025-06-22,Breakfast,D,Meat,1.93,8.0,15.44
12,7,1,2,2025-06-22,Breakfast,B,Vegetables,2.57,3.0,7.71
12,4,2,3,2025-06-22,Dinner,C,Meat,3.38,8.0,27.04
12,4,2,4,2025-06-22,Dinner,D,Meat,2.68,8.0,21.44
12,5,2,4,2025-06-22,Dinner,D,Rice,3.46,2.0,6.92
12,6,2,3,2025-06-22,Dinner,C,Soup,3.72,1.5,5.58
12,6,2,2,2025-06-22,Dinner,B,Soup,3.98,1.5,5.97
12,5,3,4,2025-06-22,Lunch,D,Rice,1.73,2.0,3.46
12,4,2,2,2025-06-22,Dinner,B,Meat,1.62,8.0,12.96
12,7,2,4,2025-06-22,Dinner,D,Vegetables,3.27,3.0,9.81
12,5,1,1,2025-06-22,Breakfast,A,Rice,0.84,2.0,1.68
12,6,1,2,2025-06-22,Breakfast,B,Soup,0.95,1.5,1.42
12,4,3,4,2025-06-22,Lunch,D,Meat,2.96,8.0,23.68
12,6,3,1,2025-06-22,Lunch,A,Soup,3.27,1.5,4.91
13,6,2,1,2025-06-23,Dinner,A,Soup,2.4,1.5,3.6
13,6,3,1,2025-06-23,Lunch,A,Soup,0.9,1.5,1.35
13,4,3,3,2025-06-23,Lunch,C,Meat,2.11,8.0,16.88
13,5,3,1,2025-06-23,Lunch,A,Rice,3.85,2.0,7.7
13,7,1,2,2025-06-23,Breakfast,B,Vegetables,1.21,3.0,3.63
13,4,3,4,2025-06-23,Lunch,D,Meat,1.5,8.0,12.0
13,5,1,4,2025-06-23,Breakfast,D,Rice,4.19,2.0,8.38
13,6,3,3,2025-06-23,Lunch,C,Soup,1.26,1.5,1.89
13,4,2,2,2025-06-23,Dinner,B,Meat,1.9,8.0,15.2
13,4,1,4,2025-06-23,Breakfast,D,Meat,4.43,8.0,35.44
13,7,3,2,2025-06-23,Lunch,B,Vegetables,4.06,3.0,12.18
13,4,1,2,2025-06-23,Breakfast,B,Meat,2.48,8.0,19.84
13,5,2,3,2025-06-23,Dinner,C,Rice,2.36,2.0,4.72
13,5,3,2,2025-06-23,Lunch,B,Rice,4.17,2.0,8.34
13,6,2,3,2025-06-23,Dinner,C,Soup,2.68,1.5,4.02
13,5,1,2,2025-06-23,Breakfast,B,Rice,4.74,2.0,9.48
13,4,3,1,2025-06-23,Lunch,A,Meat,0.74,8.0,5.92
13,5,3,4,2025-06-23,Lunch,D,Rice,2.28,2.0,4.56
13,7,2,2,2025-06-23,Dinner,B,Vegetables,4.74,3.0,14.22
13,4,2,4,2025-06-23,Dinner,D,Meat,4.1,8.0,32.8
13,7,2,1,2025-06-23,Dinner,A,Vegetables,4.06,3.0,12.18
13,7,3,4,2025-06-23,Lunch,D,Vegetables,3.77,3.0,11.31
13,4,1,3,2025-06-23,Breakfast,C,Meat,4.24,8.0,33.92
13,7,3,1,2025-06-23,Lunch,A,Vegetables,1.95,3.0,5.85
13,6,1,3,2025-06-23,Breakfast,C,Soup,3.88,1.5,5.82
13,6,1,1,2025-06-23,Breakfast,A,Soup,1.15,1.5,1.72
13,7,1,1,2025-06-23,Breakfast,A,Vegetables,0.98,3.0,2.94
13,6,1,2,2025-06-23,Breakfast,B,Soup,0.77,1.5,1.16
13,6,3,2,2025-06-23,Lunch,B,Soup,0.91,1.5,1.36
13,4,2,3,2025-06-23,Dinner,C,Meat,1.48,8.0,11.84
13,6,1,4,2025-06-23,Breakfast,D,Soup,1.75,1.5,2.62
13,6,2,2,2025-06-23,Dinner,B,Soup,4.92,1.5,7.38
13,4,2,1,2025-06-23,Dinner,A,Meat,1.62,8.0,12.96
13,7,2,4,2025-06-23,Dinner,D,Vegetables,4.03,3.0,12.09
13,5,1,1,2025-06-23,Breakfast,A,Rice,1.87,2.0,3.74
13,7,3,3,2025-06-23,Lunch,C,Vegetables,3.41,3.0,10.23
13,5,2,4,2025-06-23,Dinner,D,Rice,4.83,2.0,9.66
13,7,1,4,2025-06-23,Breakfast,D,Vegetables,0.28,3.0,0.84
13,7,2,3,2025-06-23,Dinner,C,Vegetables,1.97,3.0,5.91
13,5,1,3,2025-06-23,Breakfast,C,Rice,0.48,2.0,0.96
13,4,3,2,2025-06-23,Lunch,B,Meat,3.88,8.0,31.04
13,5,2,2,2025-06-23,Dinner,B,Rice,4.19,2.0,8.38
13,6,3,4,2025-06-23,Lunch,D,Soup,2.3,1.5,3.45
13,4,1,1,2025-06-23,Breakfast,A,Meat,1.88,8.0,15.04
14,7,2,4,2025-06-24,Dinner,D,Vegetables,2.16,3.0,6.48
14,4,3,2,2025-06-24,Lunch,B,Meat,4.97,8.0,39.76
14,4,3,4,2025-06-24,Lunch,D,Meat,1.51,8.0,12.08
14,6,3,4,2025-06-24,Lunch,D,Soup,3.51,1.5,5.26
14,7,2,3,2025-06-24,Dinner,C,Vegetables,0.64,3.0,1.92
14,7,1,1,2025-06-24,Breakfast,A,Vegetables,4.38,3.0,13.14
14,7,1,3,2025-06-24,Breakfast,C,Vegetables,4.54,3.0,13.62
14,5,3,4,2025-06-24,Lunch,D,Rice,0.77,2.0,1.54
14,7,3,3,2025-06-24,Lunch,C,Vegetables,3.28,3.0,9.84
14,4,2,4,2025-06-24,Dinner,D,Meat,0.33,8.0,2.64
14,6,1,3,2025-06-24,Breakfast,C,Soup,0.82,1.5,1.23
14,4,2,3,2025-06-24,Dinner,C,Meat,2.69,8.0,21.52
14,5,2,2,2025-06-24,Dinner,B,Rice,0.49,2.0,0.98
14,5,1,4,2025-06-24,Breakfast,D,Rice,2.24,2.0,4.48
14,4,1,4,2025-06-24,Breakfast,D,Meat,4.74,8.0,37.92
14,5,1,3,2025-06-24,Breakfast,C,Rice,3.84,2.0,7.68
14,4,3,3,2025-06-24,Lunch,C,Meat,4.21,8.0,33.68
14,5,3,2,2025-06-24,Lunch,B,Rice,1.26,2.0,2.52
14,5,2,4,2025-06-24,Dinner,D,Rice,1.58,2.0,3.16
14,5,1,1,2025-06-24,Breakfast,A,Rice,1.33,2.0,2.66
14,5,2,1,2025-06-24,Dinner,A,Rice,0.78,2.0,1.56
14,5,2,3,2025-06-24,Dinner,C,Rice,3.66,2.0,7.32
14,4,2,1,2025-06-24,Dinner,A,Meat,3.56,8.0,28.48
14,6,3,2,2025-06-24,Lunch,B,Soup,0.24,1.5,0.36
14,4,2,2,2025-06-24,Dinner,B,Meat,1.35,8.0,10.8
14,7,3,1,2025-06-24,Lunch,A,Vegetables,0.36,3.0,1.08
14,6,3,3,2025-06-24,Lunch,C,Soup,3.98,1.5,5.97
14,4,1,1,2025-06-24,Breakfast,A,Meat,3.24,8.0,25.92
14,6,1,2,2025-06-24,Breakfast,B,Soup,1.5,1.5,2.25
14,6,2,3,2025-06-24,Dinner,C,Soup,1.51,1.5,2.26
14,6,3,1,2025-06-24,Lunch,A,Soup,2.56,1.5,3.84
14,5,1,2,2025-06-24,Breakfast,B,Rice,0.6,2.0,1.2
14,6,2,4,2025-06-24,Dinner,D,Soup,3.99,1.5,5.99
14,7,1,2,2025-06-24,Breakfast,B,Vegetables,4.27,3.0,12.81
14,7,3,4,2025-06-24,Lunch,D,Vegetables,4.17,3.0,12.51
14,4,1,2,2025-06-24,Breakfast,B,Meat,4.24,8.0,33.92
14,7,1,4,2025-06-24,Breakfast,D,Vegetables,1.19,3.0,3.57
14,4,1,3,2025-06-24,Breakfast,C,Meat,1.44,8.0,11.52
14,7,2,2,2025-06-24,Dinner,B,Vegetables,4.19,3.0,12.57
15,6,1,2,2025-06-25,Breakfast,B,Soup,0.8,1.5,1.2
15,7,2,1,2025-06-25,Dinner,A,Vegetables,2.78,3.0,8.34
15,4,1,1,2025-06-25,Breakfast,A,Meat,0.64,8.0,5.12
15,4,2,1,2025-06-25,Dinner,A,Meat,0.32,8.0,2.56
15,4,3,2,2025-06-25,Lunch,B,Meat,2.4,8.0,19.2
15,4,2,4,2025-06-25,Dinner,D,Meat,1.54,8.0,12.32
15,6,2,3,2025-06-25,Dinner,C,Soup,3.9,1.5,5.85
15,7,1,4,2025-06-25,Breakfast,D,Vegetables,4.88,3.0,14.64
15,5,1,4,2025-06-25,Breakfast,D,Rice,3.36,2.0,6.72
15,4,3,3,2025-06-25,Lunch,C,Meat,0.18,8.0,1.44
15,7,2,3,2025-06-25,Dinner,C,Vegetables,0.41,3.0,1.23
15,5,3,4,2025-06-25,Lunch,D,Rice,3.69,2.0,7.38
15,5,1,3,2025-06-25,Breakfast,C,Rice,2.2,2.0,4.4
15,7,2,4,2025-06-25,Dinner,D,Vegetables,0.31,3.0,0.93
15,6,3,3,2025-06-25,Lunch,C,Soup,1.79,1.5,2.69
15,7,1,1,2025-06-25,Breakfast,A,Vegetables,4.54,3.0,13.62
15,6,3,1,2025-06-25,Lunch,A,Soup,2.82,1.5,4.23
15,7,3,1,2025-06-25,Lunch,A,Vegetables,4.94,3.0,14.82
15,6,1,1,2025-06-25,Breakfast,A,Soup,3.02,1.5,4.53
15,5,2,4,2025-06-25,Dinner,D,Rice,2.34,2.0,4.68
15,5,3,3,2025-06-25,Lunch,C,Rice,1.34,2.0,2.68
15,6,2,4,2025-06-25,Dinner,D,Soup,1.08,1.5,1.62
15,5,2,2,2025-06-25,Dinner,B,Rice,0.96,2.0,1.92
15,5,1,1,2025-06-25,Breakfast,A,Rice,2.34,2.0,4.68
15,5,3,2,2025-06-25,Lunch,B,Rice,2.01,2.0,4.02
15,4,3,4,2025-06-25,Lunch,D,Meat,3.18,8.0,25.44
15,7,2,2,2025-06-25,Dinner,B,Vegetables,2.38,3.0,7.14
15,4,2,3,2025-06-25,Dinner,C,Meat,4.08,8.0,32.64
15,7,3,2,2025-06-25,Lunch,B,Vegetables,3.21,3.0,9.63
15,6,2,1,2025-06-25,Dinner,A,Soup,4.09,1.5,6.13
15,4,1,2,2025-06-25,Breakfast,B,Meat,2.63,8.0,21.04
15,6,3,4,2025-06-25,Lunch,D,Soup,3.7,1.5,5.55
15,5,2,1,2025-06-25,Dinner,A,Rice,1.73,2.0,3.46
15,5,3,1,2025-06-25,Lunch,A,Rice,2.68,2.0,5.36
15,4,3,1,2025-06-25,Lunch,A,Meat,2.59,8.0,20.72
15,6,2,2,2025-06-25,Dinner,B,Soup,3.51,1.5,5.26
15,4,1,4,2025-06-25,Breakfast,D,Meat,0.52,8.0,4.16
15,6,3,2,2025-06-25,Lunch,B,Soup,4.91,1.5,7.37
15,6,1,4,2025-06-25,Breakfast,D,Soup,0.43,1.5,0.64
15,7,1,3,2025-06-25,Breakfast,C,Vegetables,1.28,3.0,3.84
15,5,1,2,2025-06-25,Breakfast,B,Rice,0.18,2.0,0.36
15,4,1,3,2025-06-25,Breakfast,C,Meat,3.11,8.0,24.88
15,7,1,2,2025-06-25,Breakfast,B,Vegetables,1.29,3.0,3.87
15,5,2,3,2025-06-25,Dinner,C,Rice,3.2,2.0,6.4
16,5,2,2,2025-06-26,Dinner,B,Rice,1.82,2.0,3.64
16,5,1,3,2025-06-26,Breakfast,C,Rice,1.85,2.0,3.7
16,5,1,2,2025-06-26,Breakfast,B,Rice,2.76,2.0,5.52
16,5,2,4,2025-06-26,Dinner,D,Rice,0.47,2.0,0.94
16,6,1,3,2025-06-26,Breakfast,C,Soup,1.73,1.5,2.6
16,7,3,3,2025-06-26,Lunch,C,Vegetables,3.05,3.0,9.15
16,4,1,3,2025-06-26,Breakfast,C,Meat,3.93,8.0,31.44
16,4,2,1,2025-06-26,Dinner,A,Meat,3.05,8.0,24.4
16,6,1,2,2025-06-26,Breakfast,B,Soup,1.04,1.5,1.56
16,6,2,1,2025-06-26,Dinner,A,Soup,3.48,1.5,5.22
16,6,1,1,2025-06-26,Breakfast,A,Soup,4.95,1.5,7.43
16,6,3,4,2025-06-26,Lunch,D,Soup,3.34,1.5,5.01
16,4,1,4,2025-06-26,Breakfast,D,Meat,1.9,8.0,15.2
16,4,2,3,2025-06-26,Dinner,C,Meat,1.45,8.0,11.6
16,5,3,3,2025-06-26,Lunch,C,Rice,3.66,2.0,7.32
16,4,3,2,2025-06-26,Lunch,B,Meat,4.63,8.0,37.04
16,4,2,4,2025-06-26,Dinner,D,Meat,3.22,8.0,25.76
16,5,3,2,2025-06-26,Lunch,B,Rice,2.54,2.0,5.08
16,4,3,4,2025-06-26,Lunch,D,Meat,1.67,8.0,13.36
16,7,2,1,2025-06-26,Dinner,A,Vegetables,2.19,3.0,6.57
16,7,3,4,2025-06-26,Lunch,D,Vegetables,0.49,3.0,1.47
16,7,1,4,2025-06-26,Breakfast,D,Vegetables,4.46,3.0,13.38
16,4,3,1,2025-06-26,Lunch,A,Meat,1.99,8.0,15.92
16,6,2,4,2025-06-26,Dinner,D,Soup,4.03,1.5,6.04
16,5,1,4,2025-06-26,Breakfast,D,Rice,0.71,2.0,1.42
16,6,3,1,2025-06-26,Lunch,A,Soup,2.53,1.5,3.79
16,7,2,3,2025-06-26,Dinner,C,Vegetables,4.9,3.0,14.7
16,4,3,3,2025-06-26,Lunch,C,Meat,0.49,8.0,3.92
16,5,2,1,2025-06-26,Dinner,A,Rice,1.6,2.0,3.2
16,7,1,2,2025-06-26,Breakfast,B,Vegetables,3.79,3.0,11.37
16,6,2,2,2025-06-26,Dinner,B,Soup,1.83,1.5,2.75
16,4,2,2,2025-06-26,Dinner,B,Meat,0.31,8.0,2.48
16,6,1,4,2025-06-26,Breakfast,D,Soup,3.74,1.5,5.61
16,5,1,1,2025-06-26,Breakfast,A,Rice,0.31,2.0,0.62
16,6,3,2,2025-06-26,Lunch,B,Soup,4.03,1.5,6.04
16,4,1,2,2025-06-26,Breakfast,B,Meat,1.34,8.0,10.72
16,7,3,1,2025-06-26,Lunch,A,Vegetables,4.87,3.0,14.61
16,7,1,3,2025-06-26,Breakfast,C,Vegetables,4.34,3.0,13.02
16,5,3,1,2025-06-26,Lunch,A,Rice,4.48,2.0,8.96
16,5,3,4,2025-06-26,Lunch,D,Rice,2.77,2.0,5.54
16,4,1,1,2025-06-26,Breakfast,A,Meat,4.67,8.0,37.36
16,5,2,3,2025-06-26,Dinner,C,Rice,4.99,2.0,9.98
16,7,3,2,2025-06-26,Lunch,B,Vegetables,2.64,3.0,7.92
16,7,1,1,2025-06-26,Breakfast,A,Vegetables,2.63,3.0,7.89
16,7,2,2,2025-06-26,Dinner,B,Vegetables,4.36,3.0,13.08
17,7,1,1,2025-06-27,Breakfast,A,Vegetables,0.8,3.0,2.4
17,4,3,2,2025-06-27,Lunch,B,Meat,0.66,8.0,5.28
17,7,2,3,2025-06-27,Dinner,C,Vegetables,1.8,3.0,5.4
17,5,1,1,2025-06-27,Breakfast,A,Rice,3.43,2.0,6.86
17,4,2,3,2025-06-27,Dinner,C,Meat,1.67,8.0,13.36
17,5,2,3,2025-06-27,Dinner,C,Rice,4.24,2.0,8.48
17,5,1,2,2025-06-27,Breakfast,B,Rice,3.93,2.0,7.86
17,7,3,2,2025-06-27,Lunch,B,Vegetables,3.7,3.0,11.1
17,5,1,3,2025-06-27,Breakfast,C,Rice,1.9,2.0,3.8
17,7,2,4,2025-06-27,Dinner,D,Vegetables,4.27,3.0,12.81
17,5,2,1,2025-06-27,Dinner,A,Rice,2.51,2.0,5.02
17,7,3,4,2025-06-27,Lunch,D,Vegetables,1.5,3.0,4.5
17,7,2,2,2025-06-27,Dinner,B,Vegetables,0.53,3.0,1.59
17,4,1,2,2025-06-27,Breakfast,B,Meat,0.27,8.0,2.16
17,6,3,1,2025-06-27,Lunch,A,Soup,3.28,1.5,4.92
17,4,3,1,2025-06-27,Lunch,A,Meat,2.69,8.0,21.52
17,4,1,4,2025-06-27,Breakfast,D,Meat,4.75,8.0,38.0
17,6,3,4,2025-06-27,Lunch,D,Soup,4.59,1.5,6.88
17,5,2,4,2025-06-27,Dinner,D,Rice,2.76,2.0,5.52
17,6,2,2,2025-06-27,Dinner,B,Soup,3.44,1.5,5.16
17,6,1,1,2025-06-27,Breakfast,A,Soup,3.08,1.5,4.62
17,5,3,3,2025-06-27,Lunch,C,Rice,2.0,2.0,4.0
17,5,3,1,2025-06-27,Lunch,A,Rice,2.91,2.0,5.82
17,6,2,1,2025-06-27,Dinner,A,Soup,2.32,1.5,3.48
17,4,2,4,2025-06-27,Dinner,D,Meat,4.47,8.0,35.76
17,5,1,4,2025-06-27,Breakfast,D,Rice,3.43,2.0,6.86
17,4,3,3,2025-06-27,Lunch,C,Meat,2.85,8.0,22.8
17,4,2,2,2025-06-27,Dinner,B,Meat,2.28,8.0,18.24
17,4,2,1,2025-06-27,Dinner,A,Meat,0.7,8.0,5.6
17,7,1,3,2025-06-27,Breakfast,C,Vegetables,2.88,3.0,8.64
17,5,3,2,2025-06-27,Lunch,B,Rice,1.32,2.0,2.64
17,7,3,3,2025-06-27,Lunch,C,Vegetables,1.38,3.0,4.14
17,7,3,1,2025-06-27,Lunch,A,Vegetables,2.05,3.0,6.15
17,7,1,2,2025-06-27,Breakfast,B,Vegetables,0.43,3.0,1.29
17,4,1,3,2025-06-27,Breakfast,C,Meat,1.98,8.0,15.84
17,6,1,4,2025-06-27,Breakfast,D,Soup,3.84,1.5,5.76
17,5,3,4,2025-06-27,Lunch,D,Rice,2.29,2.0,4.58
17,7,2,1,2025-06-27,Dinner,A,Vegetables,4.28,3.0,12.84
17,6,2,3,2025-06-27,Dinner,C,Soup,0.42,1.5,0.63
17,7,1,4,2025-06-27,Breakfast,D,Vegetables,1.92,3.0,5.76
18,4,2,4,2025-06-28,Dinner,D,Meat,3.21,8.0,25.68
18,5,1,1,2025-06-28,Breakfast,A,Rice,4.64,2.0,9.28
18,7,1,1,2025-06-28,Breakfast,A,Vegetables,3.99,3.0,11.97
18,5,1,3,2025-06-28,Breakfast,C,Rice,0.23,2.0,0.46
18,5,2,3,2025-06-28,Dinner,C,Rice,1.8,2.0,3.6
18,7,2,4,2025-06-28,Dinner,D,Vegetables,2.8,3.0,8.4
18,6,2,2,2025-06-28,Dinner,B,Soup,3.58,1.5,5.37
18,5,3,2,2025-06-28,Lunch,B,Rice,4.13,2.0,8.26
18,4,3,3,2025-06-28,Lunch,C,Meat,3.43,8.0,27.44
18,4,1,2,2025-06-28,Breakfast,B,Meat,1.08,8.0,8.64
18,5,3,1,2025-06-28,Lunch,A,Rice,5.0,2.0,10.0
18,4,1,4,2025-06-28,Breakfast,D,Meat,3.1,8.0,24.8
18,4,2,3,2025-06-28,Dinner,C,Meat,4.71,8.0,37.68
18,5,2,1,2025-06-28,Dinner,A,Rice,2.22,2.0,4.44
18,6,3,2,2025-06-28,Lunch,B,Soup,3.25,1.5,4.88
18,5,2,2,2025-06-28,Dinner,B,Rice,0.85,2.0,1.7
18,7,1,2,2025-06-28,Breakfast,B,Vegetables,0.78,3.0,2.34
18,4,3,1,2025-06-28,Lunch,A,Meat,3.62,8.0,28.96
18,5,1,2,2025-06-28,Breakfast,B,Rice,0.69,2.0,1.38
18,4,2,2,2025-06-28,Dinner,B,Meat,0.91,8.0,7.28
18,7,3,2,2025-06-28,Lunch,B,Vegetables,4.86,3.0,14.58
18,4,3,2,2025-06-28,Lunch,B,Meat,0.46,8.0,3.68
18,6,1,1,2025-06-28,Breakfast,A,Soup,2.59,1.5,3.88
18,6,1,4,2025-06-28,Breakfast,D,Soup,1.62,1.5,2.43
18,6,3,4,2025-06-28,Lunch,D,Soup,4.83,1.5,7.25
18,7,1,3,2025-06-28,Breakfast,C,Vegetables,1.91,3.0,5.73
18,7,1,4,2025-06-28,Breakfast,D,Vegetables,0.52,3.0,1.56
18,7,3,1,2025-06-28,Lunch,A,Vegetables,2.68,3.0,8.04
18,6,3,3,2025-06-28,Lunch,C,Soup,4.4,1.5,6.6
18,6,1,3,2025-06-28,Breakfast,C,Soup,4.04,1.5,6.06
18,4,1,3,2025-06-28,Breakfast,C,Meat,2.81,8.0,22.48
18,6,2,3,2025-06-28,Dinner,C,Soup,4.25,1.5,6.38
18,7,2,1,2025-06-28,Dinner,A,Vegetables,0.37,3.0,1.11
18,6,1,2,2025-06-28,Breakfast,B,Soup,3.97,1.5,5.96
18,5,3,3,2025-06-28,Lunch,C,Rice,2.3,2.0,4.6
18,4,1,1,2025-06-28,Breakfast,A,Meat,3.22,8.0,25.76
18,7,3,4,2025-06-28,Lunch,D,Vegetables,0.99,3.0,2.97
18,5,1,4,2025-06-28,Breakfast,D,Rice,2.8,2.0,5.6
18,5,3,4,2025-06-28,Lunch,D,Rice,3.92,2.0,7.84
18,7,3,3,2025-06-28,Lunch,C,Vegetables,1.79,3.0,5.37
18,6,2,1,2025-06-28,Dinner,A,Soup,0.71,1.5,1.06
18,4,3,4,2025-06-28,Lunch,D,Meat,3.23,8.0,25.84
18,7,2,3,2025-06-28,Dinner,C,Vegetables,4.49,3.0,13.47
18,4,2,1,2025-06-28,Dinner,A,Meat,4.56,8.0,36.48
19,6,1,2,2025-06-29,Breakfast,B,Soup,3.63,1.5,5.45
19,6,2,2,2025-06-29,Dinner,B,Soup,0.74,1.5,1.11
19,4,2,4,2025-06-29,Dinner,D,Meat,1.31,8.0,10.48
19,5,2,2,2025-06-29,Dinner,B,Rice,3.7,2.0,7.4
19,6,3,1,2025-06-29,Lunch,A,Soup,3.23,1.5,4.84
19,7,2,1,2025-06-29,Dinner,A,Vegetables,1.63,3.0,4.89
19,5,2,3,2025-06-29,Dinner,C,Rice,1.92,2.0,3.84
19,5,1,4,2025-06-29,Breakfast,D,Rice,0.24,2.0,0.48
19,7,3,3,2025-06-29,Lunch,C,Vegetables,3.46,3.0,10.38
19,7,1,3,2025-06-29,Breakfast,C,Vegetables,2.86,3.0,8.58
19,5,3,2,2025-06-29,Lunch,B,Rice,2.54,2.0,5.08
19,6,1,3,2025-06-29,Breakfast,C,Soup,4.14,1.5,6.21
19,7,3,4,2025-06-29,Lunch,D,Vegetables,2.25,3.0,6.75
19,4,1,2,2025-06-29,Breakfast,B,Meat,0.86,8.0,6.88
19,5,3,4,2025-06-29,Lunch,D,Rice,0.46,2.0,0.92
19,4,3,4,2025-06-29,Lunch,D,Meat,0.39,8.0,3.12
19,5,1,1,2025-06-29,Breakfast,A,Rice,1.58,2.0,3.16
19,4,3,1,2025-06-29,Lunch,A,Meat,3.86,8.0,30.88
19,6,3,4,2025-06-29,Lunch,D,Soup,2.47,1.5,3.71
19,5,3,3,2025-06-29,Lunch,C,Rice,2.47,2.0,4.94
19,7,3,2,2025-06-29,Lunch,B,Vegetables,1.52,3.0,4.56
19,5,2,4,2025-06-29,Dinner,D,Rice,1.41,2.0,2.82
19,5,1,2,2025-06-29,Breakfast,B,Rice,4.71,2.0,9.42
19,4,3,3,2025-06-29,Lunch,C,Meat,4.04,8.0,32.32
19,6,3,2,2025-06-29,Lunch,B,Soup,4.79,1.5,7.18
19,5,1,3,2025-06-29,Breakfast,C,Rice,3.07,2.0,6.14
19,4,1,3,2025-06-29,Breakfast,C,Meat,4.23,8.0,33.84
19,5,2,1,2025-06-29,Dinner,A,Rice,1.1,2.0,2.2
19,4,2,2,2025-06-29,Dinner,B,Meat,4.32,8.0,34.56
19,7,2,2,2025-06-29,Dinner,B,Vegetables,4.88,3.0,14.64
19,6,2,1,2025-06-29,Dinner,A,Soup,3.62,1.5,5.43
19,4,1,1,2025-06-29,Breakfast,A,Meat,2.71,8.0,21.68
19,4,3,2,2025-06-29,Lunch,B,Meat,3.17,8.0,25.36
19,6,1,4,2025-06-29,Breakfast,D,Soup,2.93,1.5,4.4
19,6,1,1,2025-06-29,Breakfast,A,Soup,0.93,1.5,1.4
19,6,3,3,2025-06-29,Lunch,C,Soup,1.56,1.5,2.34
19,6,2,3,2025-06-29,Dinner,C,Soup,2.39,1.5,3.58
19,4,2,3,2025-06-29,Dinner,C,Meat,2.85,8.0,22.8
19,7,1,1,2025-06-29,Breakfast,A,Vegetables,2.56,3.0,7.68
19,6,2,4,2025-06-29,Dinner,D,Soup,1.52,1.5,2.28
19,7,3,1,2025-06-29,Lunch,A,Vegetables,2.14,3.0,6.42
19,7,2,3,2025-06-29,Dinner,C,Vegetables,1.66,3.0,4.98
19,4,2,1,2025-06-29,Dinner,A,Meat,3.07,8.0,24.56
19,7,2,4,2025-06-29,Dinner,D,Vegetables,0.57,3.0,1.71
20,7,3,1,2025-06-30,Lunch,A,Vegetables,1.83,3.0,5.49
20,5,1,2,2025-06-30,Breakfast,B,Rice,0.88,2.0,1.76
20,6,1,1,2025-06-30,Breakfast,A,Soup,4.34,1.5,6.51
20,5,3,2,2025-06-30,Lunch,B,Rice,2.52,2.0,5.04
20,4,1,1,2025-06-30,Breakfast,A,Meat,3.12,8.0,24.96
20,6,2,2,2025-06-30,Dinner,B,Soup,4.95,1.5,7.43
20,6,3,4,2025-06-30,Lunch,D,Soup,2.06,1.5,3.09
20,5,1,3,2025-06-30,Breakfast,C,Rice,3.84,2.0,7.68
20,6,2,1,2025-06-30,Dinner,A,Soup,0.46,1.5,0.69
20,7,2,4,2025-06-30,Dinner,D,Vegetables,4.7,3.0,14.1
20,5,2,3,2025-06-30,Dinner,C,Rice,3.43,2.0,6.86
20,6,1,4,2025-06-30,Breakfast,D,Soup,2.58,1.5,3.87
20,4,1,2,2025-06-30,Breakfast,B,Meat,1.7,8.0,13.6
20,7,2,1,2025-06-30,Dinner,A,Vegetables,2.81,3.0,8.43
20,7,1,4,2025-06-30,Breakfast,D,Vegetables,4.73,3.0,14.19
20,4,3,4,2025-06-30,Lunch,D,Meat,3.84,8.0,30.72
20,5,2,1,2025-06-30,Dinner,A,Rice,2.89,2.0,5.78
20,7,1,1,2025-06-30,Breakfast,A,Vegetables,1.32,3.0,3.96
20,4,3,3,2025-06-30,Lunch,C,Meat,4.25,8.0,34.0
20,4,2,3,2025-06-30,Dinner,C,Meat,0.68,8.0,5.44
20,5,1,1,2025-06-30,Breakfast,A,Rice,1.98,2.0,3.96
20,7,1,2,2025-06-30,Breakfast,B,Vegetables,2.93,3.0,8.79
20,6,1,3,2025-06-30,Breakfast,C,Soup,2.54,1.5,3.81
20,7,3,2,2025-06-30,Lunch,B,Vegetables,3.31,3.0,9.93
20,7,1,3,2025-06-30,Breakfast,C,Vegetables,2.62,3.0,7.86
20,5,1,4,2025-06-30,Breakfast,D,Rice,1.61,2.0,3.22
20,6,3,1,2025-06-30,Lunch,A,Soup,0.35,1.5,0.52
20,4,2,4,2025-06-30,Dinner,D,Meat,1.76,8.0,14.08
20,6,3,2,2025-06-30,Lunch,B,Soup,2.41,1.5,3.62
20,4,1,3,2025-06-30,Breakfast,C,Meat,2.54,8.0,20.32
20,7,2,2,2025-06-30,Dinner,B,Vegetables,1.47,3.0,4.41
20,4,2,1,2025-06-30,Dinner,A,Meat,1.05,8.0,8.4
20,4,3,2,2025-06-30,Lunch,B,Meat,4.42,8.0,35.36
20,5,3,1,2025-06-30,Lunch,A,Rice,4.84,2.0,9.68
20,5,3,3,2025-06-30,Lunch,C,Rice,2.73,2.0,5.46
20,5,3,4,2025-06-30,Lunch,D,Rice,3.66,2.0,7.32
20,4,1,4,2025-06-30,Breakfast,D,Meat,0.21,8.0,1.68
20,7,3,4,2025-06-30,Lunch,D,Vegetables,1.89,3.0,5.67
20,4,3,1,2025-06-30,Lunch,A,Meat,1.15,8.0,9.2
20,7,3,3,2025-06-30,Lunch,C,Vegetables,2.21,3.0,6.63
20,6,3,3,2025-06-30,Lunch,C,Soup,4.42,1.5,6.63
20,4,2,2,2025-06-30,Dinner,B,Meat,3.85,8.0,30.8
20,5,2,2,2025-06-30,Dinner,B,Rice,2.57,2.0,5.14
20,6,1,2,2025-06-30,Breakfast,B,Soup,1.63,1.5,2.44
21,5,2,1,2025-07-01,Dinner,A,Rice,3.94,2.0,7.88
21,7,3,2,2025-07-01,Lunch,B,Vegetables,1.9,3.0,5.7
21,7,2,3,2025-07-01,Dinner,C,Vegetables,3.44,3.0,10.32
21,7,2,1,2025-07-01,Dinner,A,Vegetables,2.93,3.0,8.79
21,5,3,3,2025-07-01,Lunch,C,Rice,4.9,2.0,9.8
21,5,3,2,2025-07-01,Lunch,B,Rice,1.57,2.0,3.14
21,5,2,2,2025-07-01,Dinner,B,Rice,2.96,2.0,5.92
21,6,2,4,2025-07-01,Dinner,D,Soup,1.64,1.5,2.46
21,6,1,2,2025-07-01,Breakfast,B,Soup,2.34,1.5,3.51
21,6,1,3,2025-07-01,Breakfast,C,Soup,3.1,1.5,4.65
21,5,3,4,2025-07-01,Lunch,D,Rice,3.47,2.0,6.94
21,7,1,3,2025-07-01,Breakfast,C,Vegetables,1.71,3.0,5.13
21,4,3,1,2025-07-01,Lunch,A,Meat,4.16,8.0,33.28
21,4,3,3,2025-07-01,Lunch,C,Meat,2.96,8.0,23.68
21,6,2,3,2025-07-01,Dinner,C,Soup,0.25,1.5,0.38
21,4,2,2,2025-07-01,Dinner,B,Meat,0.94,8.0,7.52
21,4,2,4,2025-07-01,Dinner,D,Meat,0.64,8.0,5.12
21,6,1,1,2025-07-01,Breakfast,A,Soup,0.32,1.5,0.48
21,7,2,4,2025-07-01,Dinner,D,Vegetables,0.19,3.0,0.57
21,4,3,2,2025-07-01,Lunch,B,Meat,4.1,8.0,32.8
21,4,3,4,2025-07-01,Lunch,D,Meat,0.23,8.0,1.84
21,7,1,4,2025-07-01,Breakfast,D,Vegetables,3.72,3.0,11.16
21,6,3,2,2025-07-01,Lunch,B,Soup,3.4,1.5,5.1
21,5,1,3,2025-07-01,Breakfast,C,Rice,3.07,2.0,6.14
21,7,1,2,2025-07-01,Breakfast,B,Vegetables,2.42,3.0,7.26
21,5,2,4,2025-07-01,Dinner,D,Rice,4.75,2.0,9.5
21,4,1,3,2025-07-01,Breakfast,C,Meat,2.63,8.0,21.04
21,4,1,4,2025-07-01,Breakfast,D,Meat,4.95,8.0,39.6
21,6,3,3,2025-07-01,Lunch,C,Soup,3.65,1.5,5.48
21,6,3,4,2025-07-01,Lunch,D,Soup,4.84,1.5,7.26
21,4,2,1,2025-07-01,Dinner,A,Meat,3.9,8.0,31.2
21,5,1,2,2025-07-01,Breakfast,B,Rice,0.77,2.0,1.54
21,5,2,3,2025-07-01,Dinner,C,Rice,4.22,2.0,8.44
21,6,2,2,2025-07-01,Dinner,B,Soup,3.14,1.5,4.71
21,7,2,2,2025-07-01,Dinner,B,Vegetables,3.18,3.0,9.54
21,4,1,2,2025-07-01,Breakfast,B,Meat,1.73,8.0,13.84
21,4,2,3,2025-07-01,Dinner,C,Meat,0.82,8.0,6.56
21,4,1,1,2025-07-01,Breakfast,A,Meat,2.59,8.0,20.72
21,7,3,1,2025-07-01,Lunch,A,Vegetables,2.71,3.0,8.13
21,6,3,1,2025-07-01,Lunch,A,Soup,3.57,1.5,5.36
21,7,3,4,2025-07-01,Lunch,D,Vegetables,2.43,3.0,7.29
21,7,3,3,2025-07-01,Lunch,C,Vegetables,4.0,3.0,12.0
21,7,1,1,2025-07-01,Breakfast,A,Vegetables,2.55,3.0,7.65
21,5,3,1,2025-07-01,Lunch,A,Rice,1.75,2.0,3.5
22,4,1,2,2025-07-02,Breakfast,B,Meat,4.38,8.0,35.04
22,6,3,2,2025-07-02,Lunch,B,Soup,1.04,1.5,1.56
22,7,1,2,2025-07-02,Breakfast,B,Vegetables,3.71,3.0,11.13
22,4,2,4,2025-07-02,Dinner,D,Meat,1.51,8.0,12.08
22,7,1,4,2025-07-02,Breakfast,D,Vegetables,0.95,3.0,2.85
22,7,2,2,2025-07-02,Dinner,B,Vegetables,3.42,3.0,10.26
22,6,1,1,2025-07-02,Breakfast,A,Soup,3.9,1.5,5.85
22,5,1,2,2025-07-02,Breakfast,B,Rice,4.61,2.0,9.22
22,7,2,4,2025-07-02,Dinner,D,Vegetables,3.6,3.0,10.8
22,5,2,2,2025-07-02,Dinner,B,Rice,1.44,2.0,2.88
22,4,1,3,2025-07-02,Breakfast,C,Meat,1.12,8.0,8.96
22,5,3,4,2025-07-02,Lunch,D,Rice,1.56,2.0,3.12
22,5,3,1,2025-07-02,Lunch,A,Rice,1.78,2.0,3.56
22,4,1,1,2025-07-02,Breakfast,A,Meat,3.48,8.0,27.84
22,7,2,1,2025-07-02,Dinner,A,Vegetables,4.68,3.0,14.04
22,6,1,3,2025-07-02,Breakfast,C,Soup,3.34,1.5,5.01
22,7,1,1,2025-07-02,Breakfast,A,Vegetables,2.11,3.0,6.33
22,5,1,1,2025-07-02,Breakfast,A,Rice,0.84,2.0,1.68
22,5,3,3,2025-07-02,Lunch,C,Rice,1.31,2.0,2.62
22,7,2,3,2025-07-02,Dinner,C,Vegetables,4.78,3.0,14.34
22,6,1,2,2025-07-02,Breakfast,B,Soup,0.41,1.5,0.62
22,5,2,4,2025-07-02,Dinner,D,Rice,1.52,2.0,3.04
22,6,2,2,2025-07-02,Dinner,B,Soup,1.96,1.5,2.94
22,6,2,4,2025-07-02,Dinner,D,Soup,1.8,1.5,2.7
22,4,3,2,2025-07-02,Lunch,B,Meat,3.5,8.0,28.0
22,6,3,1,2025-07-02,Lunch,A,Soup,3.63,1.5,5.45
22,6,2,1,2025-07-02,Dinner,A,Soup,4.0,1.5,6.0
22,6,3,3,2025-07-02,Lunch,C,Soup,4.87,1.5,7.3
22,7,1,3,2025-07-02,Breakfast,C,Vegetables,1.69,3.0,5.07
22,4,2,3,2025-07-02,Dinner,C,Meat,4.11,8.0,32.88
22,4,3,4,2025-07-02,Lunch,D,Meat,1.52,8.0,12.16
22,4,2,1,2025-07-02,Dinner,A,Meat,1.81,8.0,14.48
22,6,3,4,2025-07-02,Lunch,D,Soup,3.55,1.5,5.32
22,4,3,3,2025-07-02,Lunch,C,Meat,2.83,8.0,22.64
22,4,3,1,2025-07-02,Lunch,A,Meat,1.84,8.0,14.72
22,7,3,2,2025-07-02,Lunch,B,Vegetables,3.09,3.0,9.27
22,6,1,4,2025-07-02,Breakfast,D,Soup,4.57,1.5,6.86
22,7,3,3,2025-07-02,Lunch,C,Vegetables,1.2,3.0,3.6
22,7,3,1,2025-07-02,Lunch,A,Vegetables,3.88,3.0,11.64
22,5,2,3,2025-07-02,Dinner,C,Rice,4.9,2.0,9.8
22,5,2,1,2025-07-02,Dinner,A,Rice,1.65,2.0,3.3
23,6,1,4,2025-07-03,Breakfast,D,Soup,2.13,1.5,3.2
23,6,3,3,2025-07-03,Lunch,C,Soup,4.82,1.5,7.23
23,6,3,4,2025-07-03,Lunch,D,Soup,0.54,1.5,0.81
23,5,1,4,2025-07-03,Breakfast,D,Rice,2.7,2.0,5.4
23,7,3,2,2025-07-03,Lunch,B,Vegetables,2.09,3.0,6.27
23,5,2,2,2025-07-03,Dinner,B,Rice,4.57,2.0,9.14
23,4,2,1,2025-07-03,Dinner,A,Meat,2.72,8.0,21.76
23,4,2,3,2025-07-03,Dinner,C,Meat,4.99,8.0,39.92
23,4,3,1,2025-07-03,Lunch,A,Meat,0.59,8.0,4.72
23,5,2,3,2025-07-03,Dinner,C,Rice,4.61,2.0,9.22
23,6,3,2,2025-07-03,Lunch,B,Soup,4.68,1.5,7.02
23,4,2,4,2025-07-03,Dinner,D,Meat,4.81,8.0,38.48
23,4,3,3,2025-07-03,Lunch,C,Meat,2.44,8.0,19.52
23,7,2,2,2025-07-03,Dinner,B,Vegetables,4.42,3.0,13.26
23,4,3,2,2025-07-03,Lunch,B,Meat,4.65,8.0,37.2
23,5,3,1,2025-07-03,Lunch,A,Rice,3.62,2.0,7.24
23,4,1,2,2025-07-03,Breakfast,B,Meat,4.67,8.0,37.36
23,7,2,4,2025-07-03,Dinner,D,Vegetables,4.64,3.0,13.92
23,7,2,1,2025-07-03,Dinner,A,Vegetables,3.64,3.0,10.92
23,5,1,3,2025-07-03,Breakfast,C,Rice,3.12,2.0,6.24
23,5,2,4,2025-07-03,Dinner,D,Rice,4.69,2.0,9.38
23,6,1,3,2025-07-03,Breakfast,C,Soup,3.38,1.5,5.07
23,6,2,4,2025-07-03,Dinner,D,Soup,4.4,1.5,6.6
23,5,2,1,2025-07-03,Dinner,A,Rice,2.91,2.0,5.82
23,6,2,3,2025-07-03,Dinner,C,Soup,2.53,1.5,3.79
23,6,1,2,2025-07-03,Breakfast,B,Soup,0.77,1.5,1.16
23,4,2,2,2025-07-03,Dinner,B,Meat,0.96,8.0,7.68
23,4,3,4,2025-07-03,Lunch,D,Meat,3.26,8.0,26.08
23,7,1,4,2025-07-03,Breakfast,D,Vegetables,0.36,3.0,1.08
23,4,1,3,2025-07-03,Breakfast,C,Meat,2.98,8.0,23.84
23,7,1,2,2025-07-03,Breakfast,B,Vegetables,3.51,3.0,10.53
23,7,3,1,2025-07-03,Lunch,A,Vegetables,3.88,3.0,11.64
23,6,3,1,2025-07-03,Lunch,A,Soup,0.13,1.5,0.2
23,5,1,1,2025-07-03,Breakfast,A,Rice,2.27,2.0,4.54
23,5,3,3,2025-07-03,Lunch,C,Rice,4.4,2.0,8.8
23,6,2,1,2025-07-03,Dinner,A,Soup,4.69,1.5,7.04
23,5,3,4,2025-07-03,Lunch,D,Rice,1.67,2.0,3.34
23,4,1,1,2025-07-03,Breakfast,A,Meat,1.36,8.0,10.88
23,7,2,3,2025-07-03,Dinner,C,Vegetables,2.05,3.0,6.15
23,7,3,4,2025-07-03,Lunch,D,Vegetables,4.55,3.0,13.65
23,7,1,1,2025-07-03,Breakfast,A,Vegetables,2.45,3.0,7.35
23,7,1,3,2025-07-03,Breakfast,C,Vegetables,1.29,3.0,3.87
24,4,1,3,2025-07-04,Breakfast,C,Meat,4.27,8.0,34.16
24,7,3,2,2025-07-04,Lunch,B,Vegetables,4.3,3.0,12.9
24,6,3,3,2025-07-04,Lunch,C,Soup,3.38,1.5,5.07
24,4,3,2,2025-07-04,Lunch,B,Meat,0.96,8.0,7.68
24,6,2,4,2025-07-04,Dinner,D,Soup,3.55,1.5,5.32
24,4,3,1,2025-07-04,Lunch,A,Meat,3.71,8.0,29.68
24,4,1,2,2025-07-04,Breakfast,B,Meat,4.95,8.0,39.6
24,5,1,3,2025-07-04,Breakfast,C,Rice,4.7,2.0,9.4
24,4,1,1,2025-07-04,Breakfast,A,Meat,2.88,8.0,23.04
24,6,3,4,2025-07-04,Lunch,D,Soup,1.32,1.5,1.98
24,5,1,1,2025-07-04,Breakfast,A,Rice,0.15,2.0,0.3
24,5,3,1,2025-07-04,Lunch,A,Rice,1.01,2.0,2.02
24,4,2,3,2025-07-04,Dinner,C,Meat,0.4,8.0,3.2
24,4,1,4,2025-07-04,Breakfast,D,Meat,0.9,8.0,7.2
24,7,3,4,2025-07-04,Lunch,D,Vegetables,1.69,3.0,5.07
24,7,1,2,2025-07-04,Breakfast,B,Vegetables,2.76,3.0,8.28
24,4,2,2,2025-07-04,Dinner,B,Meat,3.64,8.0,29.12
24,5,3,2,2025-07-04,Lunch,B,Rice,3.81,2.0,7.62
24,6,1,4,2025-07-04,Breakfast,D,Soup,1.36,1.5,2.04
24,6,1,2,2025-07-04,Breakfast,B,Soup,2.52,1.5,3.78
24,6,2,2,2025-07-04,Dinner,B,Soup,3.3,1.5,4.95
24,5,1,2,2025-07-04,Breakfast,B,Rice,1.49,2.0,2.98
24,4,2,1,2025-07-04,Dinner,A,Meat,1.25,8.0,10.0
24,7,2,4,2025-07-04,Dinner,D,Vegetables,4.49,3.0,13.47
24,4,2,4,2025-07-04,Dinner,D,Meat,2.56,8.0,20.48
24,6,3,1,2025-07-04,Lunch,A,Soup,2.88,1.5,4.32
24,5,2,2,2025-07-04,Dinner,B,Rice,1.58,2.0,3.16
24,7,3,1,2025-07-04,Lunch,A,Vegetables,3.97,3.0,11.91
24,7,2,2,2025-07-04,Dinner,B,Vegetables,0.16,3.0,0.48
24,6,3,2,2025-07-04,Lunch,B,Soup,4.5,1.5,6.75
24,7,2,1,2025-07-04,Dinner,A,Vegetables,3.79,3.0,11.37
24,6,1,1,2025-07-04,Breakfast,A,Soup,4.92,1.5,7.38
24,5,2,3,2025-07-04,Dinner,C,Rice,3.49,2.0,6.98
24,5,1,4,2025-07-04,Breakfast,D,Rice,0.65,2.0,1.3
24,5,3,4,2025-07-04,Lunch,D,Rice,1.01,2.0,2.02
24,7,1,3,2025-07-04,Breakfast,C,Vegetables,2.39,3.0,7.17
24,5,3,3,2025-07-04,Lunch,C,Rice,4.15,2.0,8.3
24,4,3,4,2025-07-04,Lunch,D,Meat,0.79,8.0,6.32
24,7,2,3,2025-07-04,Dinner,C,Vegetables,0.68,3.0,2.04
24,7,1,1,2025-07-04,Breakfast,A,Vegetables,0.63,3.0,1.89
24,7,1,4,2025-07-04,Breakfast,D,Vegetables,2.35,3.0,7.05
24,5,2,4,2025-07-04,Dinner,D,Rice,2.09,2.0,4.18
24,6,2,1,2025-07-04,Dinner,A,Soup,4.77,1.5,7.15
24,6,1,3,2025-07-04,Breakfast,C,Soup,1.04,1.5,1.56
25,4,2,4,2025-07-05,Dinner,D,Meat,4.1,8.0,32.8
25,4,3,2,2025-07-05,Lunch,B,Meat,3.55,8.0,28.4
25,4,3,4,2025-07-05,Lunch,D,Meat,1.71,8.0,13.68
25,7,2,1,2025-07-05,Dinner,A,Vegetables,0.55,3.0,1.65
25,5,1,4,2025-07-05,Breakfast,D,Rice,2.41,2.0,4.82
25,7,3,3,2025-07-05,Lunch,C,Vegetables,2.58,3.0,7.74
25,7,2,2,2025-07-05,Dinner,B,Vegetables,2.61,3.0,7.83
25,6,3,1,2025-07-05,Lunch,A,Soup,0.5,1.5,0.75
25,6,2,2,2025-07-05,Dinner,B,Soup,2.34,1.5,3.51
25,4,1,4,2025-07-05,Breakfast,D,Meat,2.73,8.0,21.84
25,6,3,2,2025-07-05,Lunch,B,Soup,2.86,1.5,4.29
25,5,2,2,2025-07-05,Dinner,B,Rice,4.06,2.0,8.12
25,4,2,3,2025-07-05,Dinner,C,Meat,2.37,8.0,18.96
25,7,2,3,2025-07-05,Dinner,C,Vegetables,4.05,3.0,12.15
25,4,1,3,2025-07-05,Breakfast,C,Meat,3.07,8.0,24.56
25,6,1,3,2025-07-05,Breakfast,C,Soup,2.79,1.5,4.19
25,6,1,2,2025-07-05,Breakfast,B,Soup,0.85,1.5,1.27
25,4,3,1,2025-07-05,Lunch,A,Meat,3.8,8.0,30.4
25,6,1,1,2025-07-05,Breakfast,A,Soup,1.55,1.5,2.33
25,6,2,3,2025-07-05,Dinner,C,Soup,3.64,1.5,5.46
25,4,1,2,2025-07-05,Breakfast,B,Meat,1.17,8.0,9.36
25,4,3,3,2025-07-05,Lunch,C,Meat,2.78,8.0,22.24
25,5,3,2,2025-07-05,Lunch,B,Rice,2.29,2.0,4.58
25,6,1,4,2025-07-05,Breakfast,D,Soup,1.17,1.5,1.76
25,5,1,2,2025-07-05,Breakfast,B,Rice,3.11,2.0,6.22
25,6,2,4,2025-07-05,Dinner,D,Soup,2.93,1.5,4.4
25,7,1,4,2025-07-05,Breakfast,D,Vegetables,3.35,3.0,10.05
25,4,2,1,2025-07-05,Dinner,A,Meat,2.96,8.0,23.68
25,4,2,2,2025-07-05,Dinner,B,Meat,2.32,8.0,18.56
25,7,3,1,2025-07-05,Lunch,A,Vegetables,4.38,3.0,13.14
25,6,2,1,2025-07-05,Dinner,A,Soup,2.6,1.5,3.9
25,7,3,2,2025-07-05,Lunch,B,Vegetables,0.48,3.0,1.44
25,7,3,4,2025-07-05,Lunch,D,Vegetables,2.65,3.0,7.95
25,5,3,1,2025-07-05,Lunch,A,Rice,1.31,2.0,2.62
25,5,3,3,2025-07-05,Lunch,C,Rice,0.4,2.0,0.8
25,7,2,4,2025-07-05,Dinner,D,Vegetables,3.75,3.0,11.25
25,6,3,3,2025-07-05,Lunch,C,Soup,2.91,1.5,4.37
25,5,2,4,2025-07-05,Dinner,D,Rice,2.04,2.0,4.08
25,5,2,3,2025-07-05,Dinner,C,Rice,0.38,2.0,0.76
25,5,1,3,2025-07-05,Breakfast,C,Rice,3.76,2.0,7.52
26,5,2,4,2025-07-06,Dinner,D,Rice,3.85,2.0,7.7
26,7,1,3,2025-07-06,Breakfast,C,Vegetables,3.85,3.0,11.55
26,7,2,1,2025-07-06,Dinner,A,Vegetables,2.71,3.0,8.13
26,6,1,2,2025-07-06,Breakfast,B,Soup,0.26,1.5,0.39
26,4,2,1,2025-07-06,Dinner,A,Meat,2.77,8.0,22.16
26,7,2,4,2025-07-06,Dinner,D,Vegetables,0.18,3.0,0.54
26,4,2,4,2025-07-06,Dinner,D,Meat,4.43,8.0,35.44
26,4,1,1,2025-07-06,Breakfast,A,Meat,1.79,8.0,14.32
26,4,2,2,2025-07-06,Dinner,B,Meat,1.8,8.0,14.4
26,5,3,4,2025-07-06,Lunch,D,Rice,1.19,2.0,2.38
26,7,2,3,2025-07-06,Dinner,C,Vegetables,4.07,3.0,12.21
26,7,1,4,2025-07-06,Breakfast,D,Vegetables,4.96,3.0,14.88
26,6,3,4,2025-07-06,Lunch,D,Soup,1.56,1.5,2.34
26,5,1,2,2025-07-06,Breakfast,B,Rice,4.68,2.0,9.36
26,6,3,2,2025-07-06,Lunch,B,Soup,1.8,1.5,2.7
26,7,3,4,2025-07-06,Lunch,D,Vegetables,0.21,3.0,0.63
26,6,1,1,2025-07-06,Breakfast,A,Soup,4.97,1.5,7.46
26,4,1,3,2025-07-06,Breakfast,C,Meat,3.87,8.0,30.96
26,5,2,2,2025-07-06,Dinner,B,Rice,1.31,2.0,2.62
26,6,2,1,2025-07-06,Dinner,A,Soup,4.13,1.5,6.2
26,7,1,1,2025-07-06,Breakfast,A,Vegetables,0.41,3.0,1.23
26,5,2,3,2025-07-06,Dinner,C,Rice,3.65,2.0,7.3
26,4,1,2,2025-07-06,Breakfast,B,Meat,0.44,8.0,3.52
26,4,3,2,2025-07-06,Lunch,B,Meat,2.74,8.0,21.92
26,5,1,4,2025-07-06,Breakfast,D,Rice,3.26,2.0,6.52
26,4,3,4,2025-07-06,Lunch,D,Meat,0.12,8.0,0.96
26,4,3,1,2025-07-06,Lunch,A,Meat,4.54,8.0,36.32
26,5,3,3,2025-07-06,Lunch,C,Rice,0.97,2.0,1.94
26,7,3,3,2025-07-06,Lunch,C,Vegetables,2.69,3.0,8.07
26,7,3,2,2025-07-06,Lunch,B,Vegetables,3.3,3.0,9.9
26,5,1,3,2025-07-06,Breakfast,C,Rice,2.1,2.0,4.2
26,6,1,3,2025-07-06,Breakfast,C,Soup,4.89,1.5,7.33
26,5,2,1,2025-07-06,Dinner,A,Rice,3.4,2.0,6.8
26,5,3,1,2025-07-06,Lunch,A,Rice,4.36,2.0,8.72
26,6,2,4,2025-07-06,Dinner,D,Soup,1.11,1.5,1.66
26,4,1,4,2025-07-06,Breakfast,D,Meat,2.16,8.0,17.28
26,4,2,3,2025-07-06,Dinner,C,Meat,0.65,8.0,5.2
26,6,3,3,2025-07-06,Lunch,C,Soup,3.67,1.5,5.5
26,7,1,2,2025-07-06,Breakfast,B,Vegetables,4.68,3.0,14.04
26,6,3,1,2025-07-06,Lunch,A,Soup,3.45,1.5,5.18
26,5,3,2,2025-07-06,Lunch,B,Rice,3.34,2.0,6.68
26,6,2,2,2025-07-06,Dinner,B,Soup,4.69,1.5,7.04
26,4,3,3,2025-07-06,Lunch,C,Meat,2.73,8.0,21.84
26,5,1,1,2025-07-06,Breakfast,A,Rice,0.32,2.0,0.64
27,5,3,1,2025-07-07,Lunch,A,Rice,3.03,2.0,6.06
27,7,2,2,2025-07-07,Dinner,B,Vegetables,1.94,3.0,5.82
27,7,3,3,2025-07-07,Lunch,C,Vegetables,4.41,3.0,13.23
27,4,2,4,2025-07-07,Dinner,D,Meat,4.58,8.0,36.64
27,4,1,4,2025-07-07,Breakfast,D,Meat,4.1,8.0,32.8
27,6,2,1,2025-07-07,Dinner,A,Soup,1.66,1.5,2.49
27,7,1,3,2025-07-07,Breakfast,C,Vegetables,0.38,3.0,1.14
27,6,1,4,2025-07-07,Breakfast,D,Soup,1.66,1.5,2.49
27,6,1,3,2025-07-07,Breakfast,C,Soup,2.57,1.5,3.85
27,6,1,2,2025-07-07,Breakfast,B,Soup,1.25,1.5,1.88
27,5,3,3,2025-07-07,Lunch,C,Rice,0.4,2.0,0.8
27,4,2,1,2025-07-07,Dinner,A,Meat,3.39,8.0,27.12
27,5,2,4,2025-07-07,Dinner,D,Rice,4.05,2.0,8.1
27,5,2,1,2025-07-07,Dinner,A,Rice,4.71,2.0,9.42
27,5,2,3,2025-07-07,Dinner,C,Rice,2.42,2.0,4.84
27,4,2,2,2025-07-07,Dinner,B,Meat,0.83,8.0,6.64
27,5,1,3,2025-07-07,Breakfast,C,Rice,1.16,2.0,2.32
27,6,3,2,2025-07-07,Lunch,B,Soup,1.57,1.5,2.35
27,7,1,1,2025-07-07,Breakfast,A,Vegetables,3.03,3.0,9.09
27,5,2,2,2025-07-07,Dinner,B,Rice,2.14,2.0,4.28
27,7,3,2,2025-07-07,Lunch,B,Vegetables,1.18,3.0,3.54
27,6,2,2,2025-07-07,Dinner,B,Soup,3.8,1.5,5.7
27,5,1,4,2025-07-07,Breakfast,D,Rice,1.52,2.0,3.04
27,6,3,4,2025-07-07,Lunch,D,Soup,4.86,1.5,7.29
27,5,1,2,2025-07-07,Breakfast,B,Rice,0.34,2.0,0.68
27,4,3,1,2025-07-07,Lunch,A,Meat,3.4,8.0,27.2
27,4,2,3,2025-07-07,Dinner,C,Meat,4.26,8.0,34.08
27,5,3,4,2025-07-07,Lunch,D,Rice,3.17,2.0,6.34
27,4,3,4,2025-07-07,Lunch,D,Meat,2.19,8.0,17.52
27,7,3,1,2025-07-07,Lunch,A,Vegetables,1.67,3.0,5.01
27,7,1,2,2025-07-07,Breakfast,B,Vegetables,2.07,3.0,6.21
27,7,2,3,2025-07-07,Dinner,C,Vegetables,1.57,3.0,4.71
27,4,1,2,2025-07-07,Breakfast,B,Meat,3.73,8.0,29.84
27,5,1,1,2025-07-07,Breakfast,A,Rice,0.59,2.0,1.18
27,6,1,1,2025-07-07,Breakfast,A,Soup,3.55,1.5,5.32
27,4,3,3,2025-07-07,Lunch,C,Meat,4.75,8.0,38.0
27,4,1,1,2025-07-07,Breakfast,A,Meat,0.26,8.0,2.08
27,5,3,2,2025-07-07,Lunch,B,Rice,0.8,2.0,1.6
27,7,1,4,2025-07-07,Breakfast,D,Vegetables,3.68,3.0,11.04
27,7,3,4,2025-07-07,Lunch,D,Vegetables,2.53,3.0,7.59
27,4,3,2,2025-07-07,Lunch,B,Meat,3.34,8.0,26.72
27,6,2,4,2025-07-07,Dinner,D,Soup,4.84,1.5,7.26
28,4,3,1,2025-07-08,Lunch,A,Meat,2.84,8.0,22.72
28,6,2,1,2025-07-08,Dinner,A,Soup,2.71,1.5,4.06
28,4,2,3,2025-07-08,Dinner,C,Meat,4.91,8.0,39.28
28,7,3,4,2025-07-08,Lunch,D,Vegetables,1.1,3.0,3.3
28,5,2,2,2025-07-08,Dinner,B,Rice,1.86,2.0,3.72
28,7,2,4,2025-07-08,Dinner,D,Vegetables,2.13,3.0,6.39
28,5,2,1,2025-07-08,Dinner,A,Rice,2.81,2.0,5.62
28,4,2,4,2025-07-08,Dinner,D,Meat,1.92,8.0,15.36
28,6,3,2,2025-07-08,Lunch,B,Soup,4.69,1.5,7.04
28,5,3,4,2025-07-08,Lunch,D,Rice,1.29,2.0,2.58
28,7,2,2,2025-07-08,Dinner,B,Vegetables,2.61,3.0,7.83
28,6,3,3,2025-07-08,Lunch,C,Soup,2.45,1.5,3.68
28,5,1,3,2025-07-08,Breakfast,C,Rice,3.65,2.0,7.3
28,5,3,2,2025-07-08,Lunch,B,Rice,1.73,2.0,3.46
28,4,1,3,2025-07-08,Breakfast,C,Meat,1.03,8.0,8.24
28,5,3,1,2025-07-08,Lunch,A,Rice,3.65,2.0,7.3
28,7,3,1,2025-07-08,Lunch,A,Vegetables,2.45,3.0,7.35
28,4,3,4,2025-07-08,Lunch,D,Meat,3.06,8.0,24.48
28,7,2,3,2025-07-08,Dinner,C,Vegetables,2.4,3.0,7.2
28,4,1,2,2025-07-08,Breakfast,B,Meat,4.62,8.0,36.96
28,6,1,2,2025-07-08,Breakfast,B,Soup,0.55,1.5,0.82
28,5,1,4,2025-07-08,Breakfast,D,Rice,3.05,2.0,6.1
28,7,3,3,2025-07-08,Lunch,C,Vegetables,5.0,3.0,15.0
28,5,2,3,2025-07-08,Dinner,C,Rice,0.58,2.0,1.16
28,6,2,4,2025-07-08,Dinner,D,Soup,2.86,1.5,4.29
28,4,1,4,2025-07-08,Breakfast,D,Meat,4.38,8.0,35.04
28,7,2,1,2025-07-08,Dinner,A,Vegetables,1.97,3.0,5.91
28,7,3,2,2025-07-08,Lunch,B,Vegetables,0.18,3.0,0.54
28,7,1,1,2025-07-08,Breakfast,A,Vegetables,1.29,3.0,3.87
28,7,1,2,2025-07-08,Breakfast,B,Vegetables,4.25,3.0,12.75
28,5,2,4,2025-07-08,Dinner,D,Rice,4.58,2.0,9.16
28,6,1,3,2025-07-08,Breakfast,C,Soup,3.4,1.5,5.1
28,6,2,3,2025-07-08,Dinner,C,Soup,4.21,1.5,6.32
28,6,1,1,2025-07-08,Breakfast,A,Soup,1.1,1.5,1.65
28,6,2,2,2025-07-08,Dinner,B,Soup,2.54,1.5,3.81
28,5,3,3,2025-07-08,Lunch,C,Rice,4.81,2.0,9.62
28,5,1,1,2025-07-08,Breakfast,A,Rice,2.83,2.0,5.66
28,6,3,1,2025-07-08,Lunch,A,Soup,4.36,1.5,6.54
28,4,2,2,2025-07-08,Dinner,B,Meat,1.38,8.0,11.04
28,4,3,3,2025-07-08,Lunch,C,Meat,0.67,8.0,5.36
28,4,3,2,2025-07-08,Lunch,B,Meat,4.79,8.0,38.32
28,4,2,1,2025-07-08,Dinner,A,Meat,3.9,8.0,31.2
28,6,1,4,2025-07-08,Breakfast,D,Soup,3.83,1.5,5.75
28,7,1,4,2025-07-08,Breakfast,D,Vegetables,1.02,3.0,3.06
29,4,1,2,2025-07-09,Breakfast,B,Meat,2.15,8.0,17.2
29,5,1,2,2025-07-09,Breakfast,B,Rice,2.94,2.0,5.88
29,7,3,4,2025-07-09,Lunch,D,Vegetables,3.37,3.0,10.11
29,5,3,2,2025-07-09,Lunch,B,Rice,0.93,2.0,1.86
29,6,2,2,2025-07-09,Dinner,B,Soup,3.13,1.5,4.7
29,6,1,3,2025-07-09,Breakfast,C,Soup,3.31,1.5,4.96
29,6,3,4,2025-07-09,Lunch,D,Soup,3.85,1.5,5.78
29,5,2,1,2025-07-09,Dinner,A,Rice,2.12,2.0,4.24
29,7,2,2,2025-07-09,Dinner,B,Vegetables,1.93,3.0,5.79
29,7,3,3,2025-07-09,Lunch,C,Vegetables,0.39,3.0,1.17
29,5,2,4,2025-07-09,Dinner,D,Rice,0.13,2.0,0.26
29,6,2,4,2025-07-09,Dinner,D,Soup,2.69,1.5,4.04
29,4,2,3,2025-07-09,Dinner,C,Meat,3.12,8.0,24.96
29,7,2,1,2025-07-09,Dinner,A,Vegetables,1.23,3.0,3.69
29,6,1,4,2025-07-09,Breakfast,D,Soup,4.84,1.5,7.26
29,4,2,4,2025-07-09,Dinner,D,Meat,2.8,8.0,22.4
29,4,3,4,2025-07-09,Lunch,D,Meat,4.73,8.0,37.84
29,5,1,1,2025-07-09,Breakfast,A,Rice,1.18,2.0,2.36
29,7,3,2,2025-07-09,Lunch,B,Vegetables,2.49,3.0,7.47
29,4,2,1,2025-07-09,Dinner,A,Meat,4.23,8.0,33.84
29,6,1,1,2025-07-09,Breakfast,A,Soup,4.68,1.5,7.02
29,7,1,1,2025-07-09,Breakfast,A,Vegetables,1.38,3.0,4.14
29,7,1,4,2025-07-09,Breakfast,D,Vegetables,4.13,3.0,12.39
29,4,3,2,2025-07-09,Lunch,B,Meat,3.63,8.0,29.04
29,4,1,1,2025-07-09,Breakfast,A,Meat,0.82,8.0,6.56
29,5,2,2,2025-07-09,Dinner,B,Rice,0.14,2.0,0.28
29,5,2,3,2025-07-09,Dinner,C,Rice,3.37,2.0,6.74
29,6,1,2,2025-07-09,Breakfast,B,Soup,1.72,1.5,2.58
29,5,1,4,2025-07-09,Breakfast,D,Rice,3.46,2.0,6.92
29,5,3,3,2025-07-09,Lunch,C,Rice,2.76,2.0,5.52
29,5,1,3,2025-07-09,Breakfast,C,Rice,1.96,2.0,3.92
29,5,3,1,2025-07-09,Lunch,A,Rice,3.24,2.0,6.48
29,6,2,1,2025-07-09,Dinner,A,Soup,3.57,1.5,5.36
29,4,3,1,2025-07-09,Lunch,A,Meat,2.5,8.0,20.0
29,7,1,2,2025-07-09,Breakfast,B,Vegetables,0.85,3.0,2.55
29,7,3,1,2025-07-09,Lunch,A,Vegetables,0.92,3.0,2.76
29,4,1,3,2025-07-09,Breakfast,C,Meat,4.18,8.0,33.44
29,7,2,3,2025-07-09,Dinner,C,Vegetables,2.47,3.0,7.41
29,4,1,4,2025-07-09,Breakfast,D,Meat,1.36,8.0,10.88
29,6,3,3,2025-07-09,Lunch,C,Soup,0.27,1.5,0.41
29,5,3,4,2025-07-09,Lunch,D,Rice,4.25,2.0,8.5
29,4,2,2,2025-07-09,Dinner,B,Meat,2.58,8.0,20.64
29,6,2,3,2025-07-09,Dinner,C,Soup,2.49,1.5,3.74
30,7,1,4,2025-07-10,Breakfast,D,Vegetables,2.04,3.0,6.12
30,7,1,2,2025-07-10,Breakfast,B,Vegetables,4.56,3.0,13.68
30,5,1,2,2025-07-10,Breakfast,B,Rice,3.4,2.0,6.8
30,6,3,3,2025-07-10,Lunch,C,Soup,2.81,1.5,4.21
30,6,2,1,2025-07-10,Dinner,A,Soup,4.3,1.5,6.45
30,5,2,4,2025-07-10,Dinner,D,Rice,0.46,2.0,0.92
30,6,1,1,2025-07-10,Breakfast,A,Soup,4.08,1.5,6.12
30,7,1,1,2025-07-10,Breakfast,A,Vegetables,0.18,3.0,0.54
30,5,3,3,2025-07-10,Lunch,C,Rice,3.82,2.0,7.64
30,4,3,3,2025-07-10,Lunch,C,Meat,0.56,8.0,4.48
30,5,2,3,2025-07-10,Dinner,C,Rice,4.35,2.0,8.7
30,4,3,2,2025-07-10,Lunch,B,Meat,4.25,8.0,34.0
30,4,2,1,2025-07-10,Dinner,A,Meat,3.94,8.0,31.52
30,4,1,2,2025-07-10,Breakfast,B,Meat,4.05,8.0,32.4
30,4,3,4,2025-07-10,Lunch,D,Meat,0.15,8.0,1.2
30,5,1,1,2025-07-10,Breakfast,A,Rice,1.45,2.0,2.9
30,7,1,3,2025-07-10,Breakfast,C,Vegetables,1.04,3.0,3.12
30,6,1,3,2025-07-10,Breakfast,C,Soup,2.68,1.5,4.02
30,4,1,1,2025-07-10,Breakfast,A,Meat,4.89,8.0,39.12
30,4,2,3,2025-07-10,Dinner,C,Meat,4.45,8.0,35.6
30,4,2,2,2025-07-10,Dinner,B,Meat,2.69,8.0,21.52
30,5,2,1,2025-07-10,Dinner,A,Rice,2.23,2.0,4.46
30,4,2,4,2025-07-10,Dinner,D,Meat,4.64,8.0,37.12
30,4,3,1,2025-07-10,Lunch,A,Meat,2.87,8.0,22.96
30,6,3,4,2025-07-10,Lunch,D,Soup,2.55,1.5,3.82
30,6,3,1,2025-07-10,Lunch,A,Soup,1.21,1.5,1.82
30,7,3,1,2025-07-10,Lunch,A,Vegetables,4.95,3.0,14.85
30,6,1,2,2025-07-10,Breakfast,B,Soup,0.62,1.5,0.93
30,4,1,3,2025-07-10,Breakfast,C,Meat,0.83,8.0,6.64
30,7,3,4,2025-07-10,Lunch,D,Vegetables,0.94,3.0,2.82
30,6,2,3,2025-07-10,Dinner,C,Soup,0.33,1.5,0.5
30,5,3,2,2025-07-10,Lunch,B,Rice,3.45,2.0,6.9
30,7,3,3,2025-07-10,Lunch,C,Vegetables,1.96,3.0,5.88
30,4,1,4,2025-07-10,Breakfast,D,Meat,1.41,8.0,11.28
30,6,1,4,2025-07-10,Breakfast,D,Soup,1.93,1.5,2.9
30,5,1,4,2025-07-10,Breakfast,D,Rice,4.09,2.0,8.18
30,7,2,1,2025-07-10,Dinner,A,Vegetables,2.87,3.0,8.61
30,5,2,2,2025-07-10,Dinner,B,Rice,0.57,2.0,1.14
30,6,2,2,2025-07-10,Dinner,B,Soup,1.14,1.5,1.71
30,7,3,2,2025-07-10,Lunch,B,Vegetables,3.3,3.0,9.9
30,5,3,4,2025-07-10,Lunch,D,Rice,0.37,2.0,0.74
30,7,2,2,2025-07-10,Dinner,B,Vegetables,0.31,3.0,0.93
31,5,2,1,2025-07-11,Dinner,A,Rice,2.5,2.0,5.0
31,4,2,3,2025-07-11,Dinner,C,Meat,3.59,8.0,28.72
31,4,3,4,2025-07-11,Lunch,D,Meat,0.25,8.0,2.0
31,4,1,1,2025-07-11,Breakfast,A,Meat,4.65,8.0,37.2
31,7,3,2,2025-07-11,Lunch,B,Vegetables,2.24,3.0,6.72
31,5,3,4,2025-07-11,Lunch,D,Rice,3.89,2.0,7.78
31,5,2,2,2025-07-11,Dinner,B,Rice,3.43,2.0,6.86
31,7,1,4,2025-07-11,Breakfast,D,Vegetables,1.73,3.0,5.19
31,7,3,4,2025-07-11,Lunch,D,Vegetables,1.44,3.0,4.32
31,6,1,4,2025-07-11,Breakfast,D,Soup,3.8,1.5,5.7
31,4,1,3,2025-07-11,Breakfast,C,Meat,0.9,8.0,7.2
31,7,2,1,2025-07-11,Dinner,A,Vegetables,4.71,3.0,14.13
31,6,2,3,2025-07-11,Dinner,C,Soup,0.86,1.5,1.29
31,7,1,3,2025-07-11,Breakfast,C,Vegetables,1.28,3.0,3.84
31,6,3,2,2025-07-11,Lunch,B,Soup,4.21,1.5,6.32
31,5,2,3,2025-07-11,Dinner,C,Rice,4.01,2.0,8.02
31,5,3,1,2025-07-11,Lunch,A,Rice,0.79,2.0,1.58
31,7,3,3,2025-07-11,Lunch,C,Vegetables,4.78,3.0,14.34
31,5,1,3,2025-07-11,Breakfast,C,Rice,0.48,2.0,0.96
31,6,1,3,2025-07-11,Breakfast,C,Soup,4.19,1.5,6.29
31,5,3,3,2025-07-11,Lunch,C,Rice,1.77,2.0,3.54
31,4,2,2,2025-07-11,Dinner,B,Meat,3.34,8.0,26.72
31,6,3,4,2025-07-11,Lunch,D,Soup,4.96,1.5,7.44
31,7,1,1,2025-07-11,Breakfast,A,Vegetables,1.64,3.0,4.92
31,7,2,4,2025-07-11,Dinner,D,Vegetables,3.72,3.0,11.16
31,7,3,1,2025-07-11,Lunch,A,Vegetables,3.65,3.0,10.95
31,6,3,1,2025-07-11,Lunch,A,Soup,2.55,1.5,3.82
31,5,3,2,2025-07-11,Lunch,B,Rice,4.87,2.0,9.74
31,4,1,4,2025-07-11,Breakfast,D,Meat,4.49,8.0,35.92
31,5,1,1,2025-07-11,Breakfast,A,Rice,0.26,2.0,0.52
31,7,1,2,2025-07-11,Breakfast,B,Vegetables,3.59,3.0,10.77
31,4,3,3,2025-07-11,Lunch,C,Meat,3.87,8.0,30.96
31,6,2,1,2025-07-11,Dinner,A,Soup,2.22,1.5,3.33
31,6,2,4,2025-07-11,Dinner,D,Soup,1.65,1.5,2.47
31,4,2,1,2025-07-11,Dinner,A,Meat,1.84,8.0,14.72
31,4,3,2,2025-07-11,Lunch,B,Meat,0.36,8.0,2.88
31,6,1,2,2025-07-11,Breakfast,B,Soup,2.05,1.5,3.08
31,4,3,1,2025-07-11,Lunch,A,Meat,4.94,8.0,39.52
31,5,1,4,2025-07-11,Breakfast,D,Rice,2.01,2.0,4.02
31,6,3,3,2025-07-11,Lunch,C,Soup,2.04,1.5,3.06
31,5,1,2,2025-07-11,Breakfast,B,Rice,2.98,2.0,5.96
32,4,3,1,2025-07-12,Lunch,A,Meat,2.0,8.0,16.0
32,7,1,2,2025-07-12,Breakfast,B,Vegetables,1.02,3.0,3.06
32,4,1,4,2025-07-12,Breakfast,D,Meat,3.03,8.0,24.24
32,6,3,4,2025-07-12,Lunch,D,Soup,2.47,1.5,3.71
32,5,3,2,2025-07-12,Lunch,B,Rice,4.54,2.0,9.08
32,4,2,1,2025-07-12,Dinner,A,Meat,1.33,8.0,10.64
32,7,2,3,2025-07-12,Dinner,C,Vegetables,3.14,3.0,9.42
32,6,2,4,2025-07-12,Dinner,D,Soup,4.31,1.5,6.46
32,7,1,1,2025-07-12,Breakfast,A,Vegetables,1.61,3.0,4.83
32,4,3,3,2025-07-12,Lunch,C,Meat,0.78,8.0,6.24
32,4,1,3,2025-07-12,Breakfast,C,Meat,2.1,8.0,16.8
32,5,1,2,2025-07-12,Breakfast,B,Rice,1.42,2.0,2.84
32,6,3,1,2025-07-12,Lunch,A,Soup,4.52,1.5,6.78
32,4,3,4,2025-07-12,Lunch,D,Meat,2.23,8.0,17.84
32,4,3,2,2025-07-12,Lunch,B,Meat,4.89,8.0,39.12
32,7,3,4,2025-07-12,Lunch,D,Vegetables,2.16,3.0,6.48
32,6,2,3,2025-07-12,Dinner,C,Soup,4.04,1.5,6.06
32,7,3,3,2025-07-12,Lunch,C,Vegetables,1.58,3.0,4.74
32,5,3,3,2025-07-12,Lunch,C,Rice,1.97,2.0,3.94
32,6,1,4,2025-07-12,Breakfast,D,Soup,1.99,1.5,2.98
32,5,1,1,2025-07-12,Breakfast,A,Rice,0.62,2.0,1.24
32,6,1,1,2025-07-12,Breakfast,A,Soup,1.86,1.5,2.79
32,5,2,4,2025-07-12,Dinner,D,Rice,1.71,2.0,3.42
32,4,2,2,2025-07-12,Dinner,B,Meat,1.06,8.0,8.48
32,4,1,1,2025-07-12,Breakfast,A,Meat,0.13,8.0,1.04
32,7,3,1,2025-07-12,Lunch,A,Vegetables,0.52,3.0,1.56
32,6,1,3,2025-07-12,Breakfast,C,Soup,1.83,1.5,2.75
32,4,1,2,2025-07-12,Breakfast,B,Meat,0.75,8.0,6.0
32,5,2,2,2025-07-12,Dinner,B,Rice,3.01,2.0,6.02
32,4,2,4,2025-07-12,Dinner,D,Meat,1.74,8.0,13.92
32,7,1,4,2025-07-12,Breakfast,D,Vegetables,1.69,3.0,5.07
32,5,3,4,2025-07-12,Lunch,D,Rice,0.41,2.0,0.82
32,6,3,2,2025-07-12,Lunch,B,Soup,0.93,1.5,1.4
32,7,3,2,2025-07-12,Lunch,B,Vegetables,2.9,3.0,8.7
32,7,2,2,2025-07-12,Dinner,B,Vegetables,0.62,3.0,1.86
32,6,2,1,2025-07-12,Dinner,A,Soup,3.16,1.5,4.74
32,7,1,3,2025-07-12,Breakfast,C,Vegetables,0.23,3.0,0.69
33,6,1,2,2025-07-13,Breakfast,B,Soup,4.85,1.5,7.28
33,6,3,3,2025-07-13,Lunch,C,Soup,3.49,1.5,5.24
33,7,3,2,2025-07-13,Lunch,B,Vegetables,4.77,3.0,14.31
33,7,2,4,2025-07-13,Dinner,D,Vegetables,1.86,3.0,5.58
33,5,3,4,2025-07-13,Lunch,D,Rice,4.11,2.0,8.22
33,4,2,3,2025-07-13,Dinner,C,Meat,2.58,8.0,20.64
33,6,3,4,2025-07-13,Lunch,D,Soup,2.55,1.5,3.82
33,5,1,2,2025-07-13,Breakfast,B,Rice,1.08,2.0,2.16
33,5,3,2,2025-07-13,Lunch,B,Rice,3.44,2.0,6.88
33,6,2,2,2025-07-13,Dinner,B,Soup,2.45,1.5,3.68
33,4,1,2,2025-07-13,Breakfast,B,Meat,1.64,8.0,13.12
33,6,1,4,2025-07-13,Breakfast,D,Soup,2.03,1.5,3.04
33,5,2,1,2025-07-13,Dinner,A,Rice,3.2,2.0,6.4
33,7,2,3,2025-07-13,Dinner,C,Vegetables,4.61,3.0,13.83
33,5,3,1,2025-07-13,Lunch,A,Rice,0.66,2.0,1.32
33,7,1,1,2025-07-13,Breakfast,A,Vegetables,1.67,3.0,5.01
33,4,3,4,2025-07-13,Lunch,D,Meat,4.0,8.0,32.0
33,5,2,2,2025-07-13,Dinner,B,Rice,3.97,2.0,7.94
33,7,3,4,2025-07-13,Lunch,D,Vegetables,2.1,3.0,6.3
33,4,3,3,2025-07-13,Lunch,C,Meat,2.25,8.0,18.0
33,4,3,1,2025-07-13,Lunch,A,Meat,2.86,8.0,22.88
33,5,1,1,2025-07-13,Breakfast,A,Rice,4.87,2.0,9.74
33,6,1,3,2025-07-13,Breakfast,C,Soup,2.92,1.5,4.38
33,7,1,4,2025-07-13,Breakfast,D,Vegetables,4.1,3.0,12.3
33,4,1,4,2025-07-13,Breakfast,D,Meat,1.94,8.0,15.52
33,7,3,3,2025-07-13,Lunch,C,Vegetables,1.53,3.0,4.59
33,7,2,2,2025-07-13,Dinner,B,Vegetables,4.95,3.0,14.85
33,4,2,2,2025-07-13,Dinner,B,Meat,0.46,8.0,3.68
33,7,1,3,2025-07-13,Breakfast,C,Vegetables,2.51,3.0,7.53
33,7,3,1,2025-07-13,Lunch,A,Vegetables,3.0,3.0,9.0
33,5,2,3,2025-07-13,Dinner,C,Rice,2.06,2.0,4.12
33,6,3,1,2025-07-13,Lunch,A,Soup,2.77,1.5,4.16
33,6,2,1,2025-07-13,Dinner,A,Soup,3.6,1.5,5.4
33,5,3,3,2025-07-13,Lunch,C,Rice,3.57,2.0,7.14
33,5,1,4,2025-07-13,Breakfast,D,Rice,1.29,2.0,2.58
33,4,3,2,2025-07-13,Lunch,B,Meat,2.8,8.0,22.4
33,4,1,3,2025-07-13,Breakfast,C,Meat,3.51,8.0,28.08
33,4,1,1,2025-07-13,Breakfast,A,Meat,0.77,8.0,6.16
33,6,3,2,2025-07-13,Lunch,B,Soup,2.36,1.5,3.54
33,4,2,4,2025-07-13,Dinner,D,Meat,3.97,8.0,31.76
33,6,2,4,2025-07-13,Dinner,D,Soup,4.49,1.5,6.74
33,5,2,4,2025-07-13,Dinner,D,Rice,2.76,2.0,5.52
33,7,1,2,2025-07-13,Breakfast,B,Vegetables,4.83,3.0,14.49
33,6,1,1,2025-07-13,Breakfast,A,Soup,4.74,1.5,7.11
33,4,2,1,2025-07-13,Dinner,A,Meat,1.29,8.0,10.32
33,5,1,3,2025-07-13,Breakfast,C,Rice,1.53,2.0,3.06
34,5,1,1,2025-07-14,Breakfast,A,Rice,2.73,2.0,5.46
34,5,1,3,2025-07-14,Breakfast,C,Rice,4.92,2.0,9.84
34,5,1,2,2025-07-14,Breakfast,B,Rice,3.32,2.0,6.64
34,6,1,3,2025-07-14,Breakfast,C,Soup,3.79,1.5,5.68
34,7,3,1,2025-07-14,Lunch,A,Vegetables,2.94,3.0,8.82
34,7,1,1,2025-07-14,Breakfast,A,Vegetables,0.52,3.0,1.56
34,7,1,2,2025-07-14,Breakfast,B,Vegetables,3.27,3.0,9.81
34,4,2,4,2025-07-14,Dinner,D,Meat,3.28,8.0,26.24
34,7,1,3,2025-07-14,Breakfast,C,Vegetables,2.06,3.0,6.18
34,7,2,2,2025-07-14,Dinner,B,Vegetables,2.25,3.0,6.75
34,5,1,4,2025-07-14,Breakfast,D,Rice,4.83,2.0,9.66
34,5,2,4,2025-07-14,Dinner,D,Rice,4.26,2.0,8.52
34,6,2,2,2025-07-14,Dinner,B,Soup,3.51,1.5,5.26
34,5,3,1,2025-07-14,Lunch,A,Rice,2.6,2.0,5.2
34,6,1,4,2025-07-14,Breakfast,D,Soup,1.37,1.5,2.06
34,7,3,2,2025-07-14,Lunch,B,Vegetables,3.88,3.0,11.64
34,6,3,2,2025-07-14,Lunch,B,Soup,2.98,1.5,4.47
34,4,2,1,2025-07-14,Dinner,A,Meat,1.63,8.0,13.04
34,5,2,2,2025-07-14,Dinner,B,Rice,2.47,2.0,4.94
34,5,3,3,2025-07-14,Lunch,C,Rice,2.55,2.0,5.1
34,6,1,1,2025-07-14,Breakfast,A,Soup,3.87,1.5,5.8
34,5,2,3,2025-07-14,Dinner,C,Rice,1.66,2.0,3.32
34,6,2,3,2025-07-14,Dinner,C,Soup,0.66,1.5,0.99
34,7,2,3,2025-07-14,Dinner,C,Vegetables,4.07,3.0,12.21
34,7,1,4,2025-07-14,Breakfast,D,Vegetables,0.15,3.0,0.45
34,4,3,1,2025-07-14,Lunch,A,Meat,2.64,8.0,21.12
34,4,1,3,2025-07-14,Breakfast,C,Meat,3.42,8.0,27.36
34,6,3,3,2025-07-14,Lunch,C,Soup,0.61,1.5,0.92
34,7,3,3,2025-07-14,Lunch,C,Vegetables,0.22,3.0,0.66
34,4,2,3,2025-07-14,Dinner,C,Meat,1.57,8.0,12.56
34,5,2,1,2025-07-14,Dinner,A,Rice,0.79,2.0,1.58
34,4,3,2,2025-07-14,Lunch,B,Meat,2.02,8.0,16.16
34,7,2,1,2025-07-14,Dinner,A,Vegetables,2.33,3.0,6.99
34,4,3,3,2025-07-14,Lunch,C,Meat,1.79,8.0,14.32
34,6,2,1,2025-07-14,Dinner,A,Soup,1.11,1.5,1.66
34,6,1,2,2025-07-14,Breakfast,B,Soup,0.32,1.5,0.48
34,4,2,2,2025-07-14,Dinner,B,Meat,2.43,8.0,19.44
34,5,3,2,2025-07-14,Lunch,B,Rice,2.28,2.0,4.56
34,4,3,4,2025-07-14,Lunch,D,Meat,4.81,8.0,38.48
34,5,3,4,2025-07-14,Lunch,D,Rice,2.14,2.0,4.28
34,7,2,4,2025-07-14,Dinner,D,Vegetables,3.42,3.0,10.26
34,6,3,4,2025-07-14,Lunch,D,Soup,4.71,1.5,7.06
34,7,3,4,2025-07-14,Lunch,D,Vegetables,0.67,3.0,2.01
35,5,1,4,2025-07-15,Breakfast,D,Rice,3.11,2.0,6.22
35,4,2,1,2025-07-15,Dinner,A,Meat,1.8,8.0,14.4
35,4,2,4,2025-07-15,Dinner,D,Meat,3.5,8.0,28.0
35,5,3,4,2025-07-15,Lunch,D,Rice,2.69,2.0,5.38
35,4,3,1,2025-07-15,Lunch,A,Meat,1.11,8.0,8.88
35,5,2,4,2025-07-15,Dinner,D,Rice,1.0,2.0,2.0
35,6,2,1,2025-07-15,Dinner,A,Soup,3.13,1.5,4.7
35,5,3,3,2025-07-15,Lunch,C,Rice,1.7,2.0,3.4
35,5,3,2,2025-07-15,Lunch,B,Rice,0.41,2.0,0.82
35,4,2,3,2025-07-15,Dinner,C,Meat,0.76,8.0,6.08
35,6,1,4,2025-07-15,Breakfast,D,Soup,2.01,1.5,3.01
35,6,3,3,2025-07-15,Lunch,C,Soup,4.33,1.5,6.5
35,7,3,3,2025-07-15,Lunch,C,Vegetables,1.39,3.0,4.17
35,5,1,1,2025-07-15,Breakfast,A,Rice,4.92,2.0,9.84
35,7,2,3,2025-07-15,Dinner,C,Vegetables,0.68,3.0,2.04
35,4,1,3,2025-07-15,Breakfast,C,Meat,3.24,8.0,25.92
35,6,3,2,2025-07-15,Lunch,B,Soup,1.02,1.5,1.53
35,6,2,2,2025-07-15,Dinner,B,Soup,3.11,1.5,4.67
35,7,2,1,2025-07-15,Dinner,A,Vegetables,4.24,3.0,12.72
35,4,1,2,2025-07-15,Breakfast,B,Meat,4.8,8.0,38.4
35,7,3,2,2025-07-15,Lunch,B,Vegetables,4.37,3.0,13.11
35,7,1,4,2025-07-15,Breakfast,D,Vegetables,3.0,3.0,9.0
35,4,2,2,2025-07-15,Dinner,B,Meat,3.56,8.0,28.48
35,5,2,1,2025-07-15,Dinner,A,Rice,2.98,2.0,5.96
35,6,1,2,2025-07-15,Breakfast,B,Soup,2.08,1.5,3.12
35,7,2,2,2025-07-15,Dinner,B,Vegetables,1.56,3.0,4.68
35,6,2,4,2025-07-15,Dinner,D,Soup,2.15,1.5,3.22
35,4,3,2,2025-07-15,Lunch,B,Meat,0.6,8.0,4.8
35,6,3,1,2025-07-15,Lunch,A,Soup,4.06,1.5,6.09
35,7,1,3,2025-07-15,Breakfast,C,Vegetables,2.22,3.0,6.66
35,4,3,3,2025-07-15,Lunch,C,Meat,2.34,8.0,18.72
35,7,3,1,2025-07-15,Lunch,A,Vegetables,3.79,3.0,11.37
35,4,1,4,2025-07-15,Breakfast,D,Meat,1.07,8.0,8.56
35,7,3,4,2025-07-15,Lunch,D,Vegetables,3.03,3.0,9.09
35,5,1,3,2025-07-15,Breakfast,C,Rice,1.0,2.0,2.0
35,6,2,3,2025-07-15,Dinner,C,Soup,1.6,1.5,2.4
35,4,1,1,2025-07-15,Breakfast,A,Meat,1.3,8.0,10.4
35,5,2,3,2025-07-15,Dinner,C,Rice,0.52,2.0,1.04
35,5,2,2,2025-07-15,Dinner,B,Rice,4.09,2.0,8.18
35,6,1,1,2025-07-15,Breakfast,A,Soup,0.88,1.5,1.32
36,5,1,4,2025-07-16,Breakfast,D,Rice,0.36,2.0,0.72
36,5,1,2,2025-07-16,Breakfast,B,Rice,3.5,2.0,7.0
36,6,2,2,2025-07-16,Dinner,B,Soup,1.9,1.5,2.85
36,6,3,4,2025-07-16,Lunch,D,Soup,2.34,1.5,3.51
36,4,1,3,2025-07-16,Breakfast,C,Meat,0.79,8.0,6.32
36,5,1,3,2025-07-16,Breakfast,C,Rice,2.5,2.0,5.0
36,4,3,3,2025-07-16,Lunch,C,Meat,0.25,8.0,2.0
36,6,1,3,2025-07-16,Breakfast,C,Soup,2.31,1.5,3.46
36,7,3,2,2025-07-16,Lunch,B,Vegetables,4.22,3.0,12.66
36,7,3,3,2025-07-16,Lunch,C,Vegetables,3.83,3.0,11.49
36,4,3,1,2025-07-16,Lunch,A,Meat,4.82,8.0,38.56
36,6,2,1,2025-07-16,Dinner,A,Soup,0.65,1.5,0.98
36,4,1,1,2025-07-16,Breakfast,A,Meat,1.98,8.0,15.84
36,5,1,1,2025-07-16,Breakfast,A,Rice,0.78,2.0,1.56
36,7,2,2,2025-07-16,Dinner,B,Vegetables,4.13,3.0,12.39
36,6,3,2,2025-07-16,Lunch,B,Soup,2.49,1.5,3.74
36,6,2,4,2025-07-16,Dinner,D,Soup,3.78,1.5,5.67
36,4,2,2,2025-07-16,Dinner,B,Meat,3.9,8.0,31.2
36,7,1,4,2025-07-16,Breakfast,D,Vegetables,0.15,3.0,0.45
36,6,1,1,2025-07-16,Breakfast,A,Soup,3.21,1.5,4.81
36,6,3,1,2025-07-16,Lunch,A,Soup,2.53,1.5,3.79
36,4,2,1,2025-07-16,Dinner,A,Meat,3.85,8.0,30.8
36,4,2,3,2025-07-16,Dinner,C,Meat,0.3,8.0,2.4
36,7,2,1,2025-07-16,Dinner,A,Vegetables,2.79,3.0,8.37
36,6,2,3,2025-07-16,Dinner,C,Soup,2.78,1.5,4.17
36,5,2,1,2025-07-16,Dinner,A,Rice,3.74,2.0,7.48
36,7,2,4,2025-07-16,Dinner,D,Vegetables,4.17,3.0,12.51
36,4,3,4,2025-07-16,Lunch,D,Meat,2.73,8.0,21.84
36,5,2,4,2025-07-16,Dinner,D,Rice,4.95,2.0,9.9
36,7,3,4,2025-07-16,Lunch,D,Vegetables,0.92,3.0,2.76
36,6,1,2,2025-07-16,Breakfast,B,Soup,2.82,1.5,4.23
36,5,2,2,2025-07-16,Dinner,B,Rice,0.66,2.0,1.32
36,5,3,2,2025-07-16,Lunch,B,Rice,3.46,2.0,6.92
36,4,2,4,2025-07-16,Dinner,D,Meat,0.6,8.0,4.8
36,7,1,3,2025-07-16,Breakfast,C,Vegetables,1.64,3.0,4.92
36,4,3,2,2025-07-16,Lunch,B,Meat,2.14,8.0,17.12
36,5,3,4,2025-07-16,Lunch,D,Rice,1.45,2.0,2.9
36,5,2,3,2025-07-16,Dinner,C,Rice,4.13,2.0,8.26
36,7,1,2,2025-07-16,Breakfast,B,Vegetables,5.0,3.0,15.0
37,5,1,3,2025-07-17,Breakfast,C,Rice,1.26,2.0,2.52
37,5,1,2,2025-07-17,Breakfast,B,Rice,4.1,2.0,8.2
37,6,2,2,2025-07-17,Dinner,B,Soup,4.16,1.5,6.24
37,5,2,4,2025-07-17,Dinner,D,Rice,1.42,2.0,2.84
37,7,2,2,2025-07-17,Dinner,B,Vegetables,3.59,3.0,10.77
37,7,1,3,2025-07-17,Breakfast,C,Vegetables,2.98,3.0,8.94
37,7,2,4,2025-07-17,Dinner,D,Vegetables,2.31,3.0,6.93
37,7,3,2,2025-07-17,Lunch,B,Vegetables,1.69,3.0,5.07
37,4,3,2,2025-07-17,Lunch,B,Meat,2.74,8.0,21.92
37,4,1,1,2025-07-17,Breakfast,A,Meat,5.0,8.0,40.0
37,6,2,4,2025-07-17,Dinner,D,Soup,3.2,1.5,4.8
37,4,2,1,2025-07-17,Dinner,A,Meat,4.96,8.0,39.68
37,5,3,2,2025-07-17,Lunch,B,Rice,1.48,2.0,2.96
37,6,2,3,2025-07-17,Dinner,C,Soup,2.93,1.5,4.4
37,7,3,3,2025-07-17,Lunch,C,Vegetables,4.3,3.0,12.9
37,4,3,3,2025-07-17,Lunch,C,Meat,1.41,8.0,11.28
37,5,1,4,2025-07-17,Breakfast,D,Rice,3.58,2.0,7.16
37,6,3,3,2025-07-17,Lunch,C,Soup,4.93,1.5,7.4
37,4,2,2,2025-07-17,Dinner,B,Meat,1.32,8.0,10.56
37,4,2,3,2025-07-17,Dinner,C,Meat,3.41,8.0,27.28
37,7,1,4,2025-07-17,Breakfast,D,Vegetables,0.91,3.0,2.73
37,7,3,1,2025-07-17,Lunch,A,Vegetables,0.39,3.0,1.17
37,4,1,4,2025-07-17,Breakfast,D,Meat,3.2,8.0,25.6
37,5,3,3,2025-07-17,Lunch,C,Rice,1.52,2.0,3.04
37,5,3,1,2025-07-17,Lunch,A,Rice,1.11,2.0,2.22
37,4,3,1,2025-07-17,Lunch,A,Meat,1.11,8.0,8.88
37,6,2,1,2025-07-17,Dinner,A,Soup,0.72,1.5,1.08
37,5,2,1,2025-07-17,Dinner,A,Rice,4.6,2.0,9.2
37,4,2,4,2025-07-17,Dinner,D,Meat,2.13,8.0,17.04
37,7,3,4,2025-07-17,Lunch,D,Vegetables,4.82,3.0,14.46
37,5,2,2,2025-07-17,Dinner,B,Rice,4.34,2.0,8.68
37,6,1,4,2025-07-17,Breakfast,D,Soup,0.78,1.5,1.17
37,6,3,1,2025-07-17,Lunch,A,Soup,1.82,1.5,2.73
37,6,1,2,2025-07-17,Breakfast,B,Soup,3.9,1.5,5.85
37,6,1,1,2025-07-17,Breakfast,A,Soup,1.81,1.5,2.72
37,5,3,4,2025-07-17,Lunch,D,Rice,3.43,2.0,6.86
37,7,1,1,2025-07-17,Breakfast,A,Vegetables,2.3,3.0,6.9
37,5,1,1,2025-07-17,Breakfast,A,Rice,1.56,2.0,3.12
37,4,1,3,2025-07-17,Breakfast,C,Meat,4.07,8.0,32.56
37,7,2,1,2025-07-17,Dinner,A,Vegetables,4.35,3.0,13.05
37,7,2,3,2025-07-17,Dinner,C,Vegetables,2.5,3.0,7.5
37,6,1,3,2025-07-17,Breakfast,C,Soup,1.82,1.5,2.73
38,7,2,4,2025-07-18,Dinner,D,Vegetables,1.92,3.0,5.76
38,6,2,2,2025-07-18,Dinner,B,Soup,0.75,1.5,1.12
38,4,2,2,2025-07-18,Dinner,B,Meat,1.09,8.0,8.72
38,4,2,4,2025-07-18,Dinner,D,Meat,1.33,8.0,10.64
38,6,2,1,2025-07-18,Dinner,A,Soup,0.1,1.5,0.15
38,7,2,3,2025-07-18,Dinner,C,Vegetables,4.67,3.0,14.01
38,6,1,4,2025-07-18,Breakfast,D,Soup,0.41,1.5,0.62
38,7,2,1,2025-07-18,Dinner,A,Vegetables,2.26,3.0,6.78
38,5,1,4,2025-07-18,Breakfast,D,Rice,2.35,2.0,4.7
38,4,3,4,2025-07-18,Lunch,D,Meat,0.59,8.0,4.72
38,4,3,2,2025-07-18,Lunch,B,Meat,4.16,8.0,33.28
38,7,1,1,2025-07-18,Breakfast,A,Vegetables,2.63,3.0,7.89
38,5,2,1,2025-07-18,Dinner,A,Rice,0.71,2.0,1.42
38,5,1,1,2025-07-18,Breakfast,A,Rice,4.41,2.0,8.82
38,7,3,2,2025-07-18,Lunch,B,Vegetables,1.76,3.0,5.28
38,6,1,2,2025-07-18,Breakfast,B,Soup,1.7,1.5,2.55
38,4,3,1,2025-07-18,Lunch,A,Meat,1.17,8.0,9.36
38,7,2,2,2025-07-18,Dinner,B,Vegetables,3.47,3.0,10.41
38,7,1,3,2025-07-18,Breakfast,C,Vegetables,3.69,3.0,11.07
38,4,1,4,2025-07-18,Breakfast,D,Meat,3.35,8.0,26.8
38,6,3,4,2025-07-18,Lunch,D,Soup,2.35,1.5,3.53
38,4,1,1,2025-07-18,Breakfast,A,Meat,0.56,8.0,4.48
38,7,1,2,2025-07-18,Breakfast,B,Vegetables,4.76,3.0,14.28
38,5,3,3,2025-07-18,Lunch,C,Rice,2.87,2.0,5.74
38,4,1,2,2025-07-18,Breakfast,B,Meat,1.91,8.0,15.28
38,4,1,3,2025-07-18,Breakfast,C,Meat,3.89,8.0,31.12
38,5,2,2,2025-07-18,Dinner,B,Rice,4.79,2.0,9.58
38,5,3,4,2025-07-18,Lunch,D,Rice,0.34,2.0,0.68
38,5,3,1,2025-07-18,Lunch,A,Rice,2.72,2.0,5.44
38,7,1,4,2025-07-18,Breakfast,D,Vegetables,1.86,3.0,5.58
38,5,2,4,2025-07-18,Dinner,D,Rice,3.31,2.0,6.62
38,4,3,3,2025-07-18,Lunch,C,Meat,2.48,8.0,19.84
38,4,2,1,2025-07-18,Dinner,A,Meat,4.3,8.0,34.4
38,5,2,3,2025-07-18,Dinner,C,Rice,3.28,2.0,6.56
38,4,2,3,2025-07-18,Dinner,C,Meat,0.88,8.0,7.04
38,6,3,1,2025-07-18,Lunch,A,Soup,1.14,1.5,1.71
38,6,2,4,2025-07-18,Dinner,D,Soup,4.53,1.5,6.79
38,6,1,1,2025-07-18,Breakfast,A,Soup,1.46,1.5,2.19
38,5,1,3,2025-07-18,Breakfast,C,Rice,0.11,2.0,0.22
38,6,3,3,2025-07-18,Lunch,C,Soup,3.44,1.5,5.16
38,5,1,2,2025-07-18,Breakfast,B,Rice,4.69,2.0,9.38
39,4,1,1,2025-07-19,Breakfast,A,Meat,2.04,8.0,16.32
39,7,1,4,2025-07-19,Breakfast,D,Vegetables,4.1,3.0,12.3
39,7,3,4,2025-07-19,Lunch,D,Vegetables,2.7,3.0,8.1
39,6,1,2,2025-07-19,Breakfast,B,Soup,0.11,1.5,0.16
39,5,1,4,2025-07-19,Breakfast,D,Rice,0.15,2.0,0.3
39,7,2,2,2025-07-19,Dinner,B,Vegetables,3.46,3.0,10.38
39,4,3,1,2025-07-19,Lunch,A,Meat,0.75,8.0,6.0
39,4,2,4,2025-07-19,Dinner,D,Meat,4.82,8.0,38.56
39,5,3,2,2025-07-19,Lunch,B,Rice,3.68,2.0,7.36
39,7,1,1,2025-07-19,Breakfast,A,Vegetables,1.6,3.0,4.8
39,6,1,1,2025-07-19,Breakfast,A,Soup,3.53,1.5,5.29
39,6,1,3,2025-07-19,Breakfast,C,Soup,3.43,1.5,5.14
39,4,1,3,2025-07-19,Breakfast,C,Meat,0.75,8.0,6.0
39,6,2,1,2025-07-19,Dinner,A,Soup,3.18,1.5,4.77
39,6,3,3,2025-07-19,Lunch,C,Soup,0.75,1.5,1.12
39,5,2,2,2025-07-19,Dinner,B,Rice,0.84,2.0,1.68
39,4,2,2,2025-07-19,Dinner,B,Meat,2.12,8.0,16.96
39,5,2,3,2025-07-19,Dinner,C,Rice,0.52,2.0,1.04
39,7,3,3,2025-07-19,Lunch,C,Vegetables,3.79,3.0,11.37
39,6,3,2,2025-07-19,Lunch,B,Soup,4.42,1.5,6.63
39,4,3,2,2025-07-19,Lunch,B,Meat,0.6,8.0,4.8
39,4,3,3,2025-07-19,Lunch,C,Meat,3.89,8.0,31.12
39,6,3,4,2025-07-19,Lunch,D,Soup,0.14,1.5,0.21
39,5,3,3,2025-07-19,Lunch,C,Rice,0.77,2.0,1.54
39,5,3,1,2025-07-19,Lunch,A,Rice,2.17,2.0,4.34
39,5,1,1,2025-07-19,Breakfast,A,Rice,0.91,2.0,1.82
39,4,2,1,2025-07-19,Dinner,A,Meat,2.26,8.0,18.08
39,6,2,3,2025-07-19,Dinner,C,Soup,2.99,1.5,4.49
39,7,1,2,2025-07-19,Breakfast,B,Vegetables,3.55,3.0,10.65
39,4,2,3,2025-07-19,Dinner,C,Meat,0.59,8.0,4.72
39,6,2,4,2025-07-19,Dinner,D,Soup,0.79,1.5,1.18
39,5,3,4,2025-07-19,Lunch,D,Rice,4.97,2.0,9.94
39,7,2,1,2025-07-19,Dinner,A,Vegetables,3.64,3.0,10.92
39,5,2,1,2025-07-19,Dinner,A,Rice,3.29,2.0,6.58
39,4,1,4,2025-07-19,Breakfast,D,Meat,3.51,8.0,28.08
39,7,2,3,2025-07-19,Dinner,C,Vegetables,3.79,3.0,11.37
39,6,1,4,2025-07-19,Breakfast,D,Soup,4.94,1.5,7.41
39,4,1,2,2025-07-19,Breakfast,B,Meat,3.31,8.0,26.48
39,7,3,2,2025-07-19,Lunch,B,Vegetables,1.64,3.0,4.92
39,7,3,1,2025-07-19,Lunch,A,Vegetables,0.45,3.0,1.35
39,5,2,4,2025-07-19,Dinner,D,Rice,1.98,2.0,3.96
39,7,1,3,2025-07-19,Breakfast,C,Vegetables,1.21,3.0,3.63
39,5,1,3,2025-07-19,Breakfast,C,Rice,2.44,2.0,4.88
39,7,2,4,2025-07-19,Dinner,D,Vegetables,1.64,3.0,4.92
39,5,1,2,2025-07-19,Breakfast,B,Rice,1.25,2.0,2.5
40,6,1,1,2025-07-20,Breakfast,A,Soup,3.04,1.5,4.56
40,4,3,4,2025-07-20,Lunch,D,Meat,3.45,8.0,27.6
40,7,3,1,2025-07-20,Lunch,A,Vegetables,0.65,3.0,1.95
40,6,1,3,2025-07-20,Breakfast,C,Soup,2.6,1.5,3.9
40,7,1,4,2025-07-20,Breakfast,D,Vegetables,0.37,3.0,1.11
40,4,2,1,2025-07-20,Dinner,A,Meat,0.18,8.0,1.44
40,7,3,4,2025-07-20,Lunch,D,Vegetables,3.84,3.0,11.52
40,5,2,3,2025-07-20,Dinner,C,Rice,3.18,2.0,6.36
40,5,3,2,2025-07-20,Lunch,B,Rice,3.01,2.0,6.02
40,4,2,2,2025-07-20,Dinner,B,Meat,0.4,8.0,3.2
40,7,2,3,2025-07-20,Dinner,C,Vegetables,2.14,3.0,6.42
40,4,1,1,2025-07-20,Breakfast,A,Meat,0.51,8.0,4.08
40,7,2,2,2025-07-20,Dinner,B,Vegetables,3.97,3.0,11.91
40,7,3,2,2025-07-20,Lunch,B,Vegetables,4.89,3.0,14.67
40,5,2,4,2025-07-20,Dinner,D,Rice,0.5,2.0,1.0
40,6,3,4,2025-07-20,Lunch,D,Soup,4.78,1.5,7.17
40,4,2,4,2025-07-20,Dinner,D,Meat,2.73,8.0,21.84
40,7,2,4,2025-07-20,Dinner,D,Vegetables,3.12,3.0,9.36
40,4,3,3,2025-07-20,Lunch,C,Meat,0.75,8.0,6.0
40,4,2,3,2025-07-20,Dinner,C,Meat,2.56,8.0,20.48
40,5,3,1,2025-07-20,Lunch,A,Rice,4.78,2.0,9.56
40,7,3,3,2025-07-20,Lunch,C,Vegetables,4.32,3.0,12.96
40,6,2,2,2025-07-20,Dinner,B,Soup,2.58,1.5,3.87
40,4,1,2,2025-07-20,Breakfast,B,Meat,3.92,8.0,31.36
40,7,2,1,2025-07-20,Dinner,A,Vegetables,0.43,3.0,1.29
40,4,1,4,2025-07-20,Breakfast,D,Meat,1.55,8.0,12.4
40,7,1,2,2025-07-20,Breakfast,B,Vegetables,3.48,3.0,10.44
40,6,2,1,2025-07-20,Dinner,A,Soup,1.38,1.5,2.07
40,5,1,1,2025-07-20,Breakfast,A,Rice,1.46,2.0,2.92
40,5,3,4,2025-07-20,Lunch,D,Rice,1.89,2.0,3.78
40,6,3,1,2025-07-20,Lunch,A,Soup,2.55,1.5,3.82
40,5,3,3,2025-07-20,Lunch,C,Rice,4.68,2.0,9.36
40,7,1,3,2025-07-20,Breakfast,C,Vegetables,2.64,3.0,7.92
40,6,1,4,2025-07-20,Breakfast,D,Soup,4.5,1.5,6.75
40,5,2,2,2025-07-20,Dinner,B,Rice,0.3,2.0,0.6
40,5,1,3,2025-07-20,Breakfast,C,Rice,3.33,2.0,6.66
40,5,2,1,2025-07-20,Dinner,A,Rice,3.87,2.0,7.74
40,5,1,2,2025-07-20,Breakfast,B,Rice,3.08,2.0,6.16
40,6,1,2,2025-07-20,Breakfast,B,Soup,4.25,1.5,6.38
40,4,3,1,2025-07-20,Lunch,A,Meat,2.52,8.0,20.16
40,7,1,1,2025-07-20,Breakfast,A,Vegetables,2.81,3.0,8.43
40,6,2,3,2025-07-20,Dinner,C,Soup,3.54,1.5,5.31
40,4,3,2,2025-07-20,Lunch,B,Meat,2.69,8.0,21.52
41,4,1,3,2025-07-21,Breakfast,C,Meat,0.42,8.0,3.36
41,6,1,2,2025-07-21,Breakfast,B,Soup,4.19,1.5,6.29
41,4,1,2,2025-07-21,Breakfast,B,Meat,2.01,8.0,16.08
41,5,2,1,2025-07-21,Dinner,A,Rice,1.42,2.0,2.84
41,5,2,4,2025-07-21,Dinner,D,Rice,2.55,2.0,5.1
41,4,3,4,2025-07-21,Lunch,D,Meat,0.92,8.0,7.36
41,4,2,4,2025-07-21,Dinner,D,Meat,2.88,8.0,23.04
41,5,1,4,2025-07-21,Breakfast,D,Rice,4.25,2.0,8.5
41,5,3,4,2025-07-21,Lunch,D,Rice,3.63,2.0,7.26
41,7,2,3,2025-07-21,Dinner,C,Vegetables,2.33,3.0,6.99
41,4,1,1,2025-07-21,Breakfast,A,Meat,2.61,8.0,20.88
41,6,1,3,2025-07-21,Breakfast,C,Soup,3.68,1.5,5.52
41,7,1,2,2025-07-21,Breakfast,B,Vegetables,3.21,3.0,9.63
41,7,1,1,2025-07-21,Breakfast,A,Vegetables,1.1,3.0,3.3
41,5,2,3,2025-07-21,Dinner,C,Rice,2.93,2.0,5.86
41,5,2,2,2025-07-21,Dinner,B,Rice,4.05,2.0,8.1
41,7,2,4,2025-07-21,Dinner,D,Vegetables,1.9,3.0,5.7
41,4,1,4,2025-07-21,Breakfast,D,Meat,0.38,8.0,3.04
41,7,1,4,2025-07-21,Breakfast,D,Vegetables,0.52,3.0,1.56
41,7,3,2,2025-07-21,Lunch,B,Vegetables,3.57,3.0,10.71
41,6,3,2,2025-07-21,Lunch,B,Soup,3.54,1.5,5.31
41,6,1,4,2025-07-21,Breakfast,D,Soup,2.23,1.5,3.34
41,7,2,1,2025-07-21,Dinner,A,Vegetables,3.88,3.0,11.64
41,6,2,4,2025-07-21,Dinner,D,Soup,1.35,1.5,2.03
41,4,2,2,2025-07-21,Dinner,B,Meat,1.43,8.0,11.44
41,6,3,1,2025-07-21,Lunch,A,Soup,3.73,1.5,5.59
41,7,3,3,2025-07-21,Lunch,C,Vegetables,2.66,3.0,7.98
41,6,3,3,2025-07-21,Lunch,C,Soup,3.94,1.5,5.91
41,5,1,3,2025-07-21,Breakfast,C,Rice,3.44,2.0,6.88
41,4,2,1,2025-07-21,Dinner,A,Meat,4.44,8.0,35.52
41,5,1,1,2025-07-21,Breakfast,A,Rice,1.62,2.0,3.24
41,4,3,1,2025-07-21,Lunch,A,Meat,3.08,8.0,24.64
41,6,2,3,2025-07-21,Dinner,C,Soup,1.86,1.5,2.79
41,5,1,2,2025-07-21,Breakfast,B,Rice,2.73,2.0,5.46
41,6,3,4,2025-07-21,Lunch,D,Soup,3.93,1.5,5.9
41,5,3,3,2025-07-21,Lunch,C,Rice,0.9,2.0,1.8
41,5,3,1,2025-07-21,Lunch,A,Rice,2.32,2.0,4.64
41,7,2,2,2025-07-21,Dinner,B,Vegetables,0.41,3.0,1.23
41,5,3,2,2025-07-21,Lunch,B,Rice,3.73,2.0,7.46
41,4,3,2,2025-07-21,Lunch,B,Meat,0.69,8.0,5.52
41,4,3,3,2025-07-21,Lunch,C,Meat,4.77,8.0,38.16
41,7,3,1,2025-07-21,Lunch,A,Vegetables,1.62,3.0,4.86
41,7,3,4,2025-07-21,Lunch,D,Vegetables,0.72,3.0,2.16
41,4,2,3,2025-07-21,Dinner,C,Meat,0.48,8.0,3.84
42,6,3,3,2025-07-22,Lunch,C,Soup,4.91,1.5,7.37
42,6,1,1,2025-07-22,Breakfast,A,Soup,1.22,1.5,1.83
42,4,2,2,2025-07-22,Dinner,B,Meat,2.86,8.0,22.88
42,4,1,2,2025-07-22,Breakfast,B,Meat,0.32,8.0,2.56
42,5,3,2,2025-07-22,Lunch,B,Rice,1.43,2.0,2.86
42,5,1,2,2025-07-22,Breakfast,B,Rice,2.59,2.0,5.18
42,5,3,3,2025-07-22,Lunch,C,Rice,4.52,2.0,9.04
42,7,3,2,2025-07-22,Lunch,B,Vegetables,1.93,3.0,5.79
42,4,2,3,2025-07-22,Dinner,C,Meat,3.0,8.0,24.0
42,7,3,3,2025-07-22,Lunch,C,Vegetables,4.04,3.0,12.12
42,6,2,2,2025-07-22,Dinner,B,Soup,3.15,1.5,4.72
42,7,2,4,2025-07-22,Dinner,D,Vegetables,3.83,3.0,11.49
42,6,2,1,2025-07-22,Dinner,A,Soup,0.14,1.5,0.21
42,6,1,4,2025-07-22,Breakfast,D,Soup,3.73,1.5,5.59
42,4,2,4,2025-07-22,Dinner,D,Meat,4.51,8.0,36.08
42,6,1,2,2025-07-22,Breakfast,B,Soup,1.3,1.5,1.95
42,4,3,2,2025-07-22,Lunch,B,Meat,0.48,8.0,3.84
42,7,2,3,2025-07-22,Dinner,C,Vegetables,2.52,3.0,7.56
42,5,3,4,2025-07-22,Lunch,D,Rice,4.77,2.0,9.54
42,6,2,4,2025-07-22,Dinner,D,Soup,1.3,1.5,1.95
42,6,1,3,2025-07-22,Breakfast,C,Soup,4.66,1.5,6.99
42,7,1,2,2025-07-22,Breakfast,B,Vegetables,4.33,3.0,12.99
42,5,1,1,2025-07-22,Breakfast,A,Rice,0.6,2.0,1.2
42,5,2,3,2025-07-22,Dinner,C,Rice,2.37,2.0,4.74
42,6,3,1,2025-07-22,Lunch,A,Soup,3.63,1.5,5.45
42,4,3,3,2025-07-22,Lunch,C,Meat,0.98,8.0,7.84
42,5,2,1,2025-07-22,Dinner,A,Rice,4.24,2.0,8.48
42,7,1,3,2025-07-22,Breakfast,C,Vegetables,0.84,3.0,2.52
42,5,3,1,2025-07-22,Lunch,A,Rice,2.15,2.0,4.3
42,5,2,4,2025-07-22,Dinner,D,Rice,1.06,2.0,2.12
42,4,2,1,2025-07-22,Dinner,A,Meat,1.7,8.0,13.6
42,5,1,4,2025-07-22,Breakfast,D,Rice,4.3,2.0,8.6
42,4,1,3,2025-07-22,Breakfast,C,Meat,1.98,8.0,15.84
42,6,2,3,2025-07-22,Dinner,C,Soup,3.89,1.5,5.83
42,7,2,1,2025-07-22,Dinner,A,Vegetables,2.81,3.0,8.43
42,5,2,2,2025-07-22,Dinner,B,Rice,1.08,2.0,2.16
42,5,1,3,2025-07-22,Breakfast,C,Rice,2.41,2.0,4.82
42,7,1,1,2025-07-22,Breakfast,A,Vegetables,3.64,3.0,10.92
42,6,3,2,2025-07-22,Lunch,B,Soup,2.56,1.5,3.84
42,7,2,2,2025-07-22,Dinner,B,Vegetables,1.59,3.0,4.77
42,7,1,4,2025-07-22,Breakfast,D,Vegetables,4.58,3.0,13.74
42,4,3,1,2025-07-22,Lunch,A,Meat,1.68,8.0,13.44
42,6,3,4,2025-07-22,Lunch,D,Soup,1.48,1.5,2.22
42,4,3,4,2025-07-22,Lunch,D,Meat,0.44,8.0,3.52
43,7,2,2,2025-07-23,Dinner,B,Vegetables,3.7,3.0,11.1
43,5,1,4,2025-07-23,Breakfast,D,Rice,2.7,2.0,5.4
43,5,3,2,2025-07-23,Lunch,B,Rice,4.5,2.0,9.0
43,6,2,1,2025-07-23,Dinner,A,Soup,1.64,1.5,2.46
43,7,3,3,2025-07-23,Lunch,C,Vegetables,0.57,3.0,1.71
43,7,3,1,2025-07-23,Lunch,A,Vegetables,0.56,3.0,1.68
43,5,1,1,2025-07-23,Breakfast,A,Rice,0.13,2.0,0.26
43,7,1,3,2025-07-23,Breakfast,C,Vegetables,3.66,3.0,10.98
43,6,3,3,2025-07-23,Lunch,C,Soup,0.75,1.5,1.12
43,5,3,3,2025-07-23,Lunch,C,Rice,4.88,2.0,9.76
43,7,1,4,2025-07-23,Breakfast,D,Vegetables,2.51,3.0,7.53
43,5,2,1,2025-07-23,Dinner,A,Rice,4.82,2.0,9.64
43,7,2,3,2025-07-23,Dinner,C,Vegetables,1.09,3.0,3.27
43,6,3,2,2025-07-23,Lunch,B,Soup,1.93,1.5,2.9
43,4,1,2,2025-07-23,Breakfast,B,Meat,4.4,8.0,35.2
43,5,1,2,2025-07-23,Breakfast,B,Rice,4.21,2.0,8.42
43,4,3,4,2025-07-23,Lunch,D,Meat,0.47,8.0,3.76
43,6,1,1,2025-07-23,Breakfast,A,Soup,1.8,1.5,2.7
43,7,3,4,2025-07-23,Lunch,D,Vegetables,2.88,3.0,8.64
43,4,2,2,2025-07-23,Dinner,B,Meat,3.53,8.0,28.24
43,6,2,4,2025-07-23,Dinner,D,Soup,2.38,1.5,3.57
43,7,1,2,2025-07-23,Breakfast,B,Vegetables,4.76,3.0,14.28
43,6,1,4,2025-07-23,Breakfast,D,Soup,0.39,1.5,0.58
43,5,1,3,2025-07-23,Breakfast,C,Rice,3.32,2.0,6.64
43,4,1,1,2025-07-23,Breakfast,A,Meat,2.11,8.0,16.88
43,4,3,1,2025-07-23,Lunch,A,Meat,3.59,8.0,28.72
43,6,2,3,2025-07-23,Dinner,C,Soup,3.92,1.5,5.88
43,4,1,3,2025-07-23,Breakfast,C,Meat,4.26,8.0,34.08
43,6,3,1,2025-07-23,Lunch,A,Soup,4.61,1.5,6.92
43,5,2,2,2025-07-23,Dinner,B,Rice,4.02,2.0,8.04
43,5,2,4,2025-07-23,Dinner,D,Rice,2.97,2.0,5.94
43,5,3,1,2025-07-23,Lunch,A,Rice,4.99,2.0,9.98
43,7,2,1,2025-07-23,Dinner,A,Vegetables,1.38,3.0,4.14
43,4,2,3,2025-07-23,Dinner,C,Meat,0.47,8.0,3.76
43,6,1,2,2025-07-23,Breakfast,B,Soup,0.11,1.5,0.16
43,5,3,4,2025-07-23,Lunch,D,Rice,4.12,2.0,8.24
43,7,1,1,2025-07-23,Breakfast,A,Vegetables,1.24,3.0,3.72
43,4,1,4,2025-07-23,Breakfast,D,Meat,1.27,8.0,10.16
43,6,2,2,2025-07-23,Dinner,B,Soup,1.66,1.5,2.49
43,4,3,2,2025-07-23,Lunch,B,Meat,2.65,8.0,21.2
44,6,1,1,2025-07-24,Breakfast,A,Soup,1.12,1.5,1.68
44,7,3,2,2025-07-24,Lunch,B,Vegetables,2.08,3.0,6.24
44,5,1,1,2025-07-24,Breakfast,A,Rice,2.09,2.0,4.18
44,6,1,3,2025-07-24,Breakfast,C,Soup,0.3,1.5,0.45
44,4,3,4,2025-07-24,Lunch,D,Meat,0.16,8.0,1.28
44,5,3,1,2025-07-24,Lunch,A,Rice,1.84,2.0,3.68
44,6,1,2,2025-07-24,Breakfast,B,Soup,0.87,1.5,1.3
44,6,3,3,2025-07-24,Lunch,C,Soup,4.04,1.5,6.06
44,5,2,3,2025-07-24,Dinner,C,Rice,0.21,2.0,0.42
44,7,2,4,2025-07-24,Dinner,D,Vegetables,4.16,3.0,12.48
44,5,3,4,2025-07-24,Lunch,D,Rice,0.78,2.0,1.56
44,7,2,2,2025-07-24,Dinner,B,Vegetables,1.37,3.0,4.11
44,4,1,3,2025-07-24,Breakfast,C,Meat,4.15,8.0,33.2
44,4,2,3,2025-07-24,Dinner,C,Meat,0.42,8.0,3.36
44,7,2,1,2025-07-24,Dinner,A,Vegetables,1.92,3.0,5.76
44,6,3,2,2025-07-24,Lunch,B,Soup,2.32,1.5,3.48
44,4,1,2,2025-07-24,Breakfast,B,Meat,1.4,8.0,11.2
44,7,3,3,2025-07-24,Lunch,C,Vegetables,2.36,3.0,7.08
44,5,2,1,2025-07-24,Dinner,A,Rice,0.74,2.0,1.48
44,5,3,2,2025-07-24,Lunch,B,Rice,4.95,2.0,9.9
44,6,2,2,2025-07-24,Dinner,B,Soup,4.08,1.5,6.12
44,5,1,3,2025-07-24,Breakfast,C,Rice,3.46,2.0,6.92
44,6,2,3,2025-07-24,Dinner,C,Soup,2.27,1.5,3.4
44,7,3,4,2025-07-24,Lunch,D,Vegetables,4.17,3.0,12.51
44,6,3,4,2025-07-24,Lunch,D,Soup,4.91,1.5,7.37
44,4,2,4,2025-07-24,Dinner,D,Meat,4.53,8.0,36.24
44,7,1,1,2025-07-24,Breakfast,A,Vegetables,4.83,3.0,14.49
44,4,2,1,2025-07-24,Dinner,A,Meat,4.14,8.0,33.12
44,5,1,4,2025-07-24,Breakfast,D,Rice,4.2,2.0,8.4
44,4,3,3,2025-07-24,Lunch,C,Meat,1.32,8.0,10.56
44,6,2,1,2025-07-24,Dinner,A,Soup,3.19,1.5,4.79
44,4,1,4,2025-07-24,Breakfast,D,Meat,1.71,8.0,13.68
44,4,1,1,2025-07-24,Breakfast,A,Meat,2.73,8.0,21.84
44,7,1,2,2025-07-24,Breakfast,B,Vegetables,0.69,3.0,2.07
44,4,3,1,2025-07-24,Lunch,A,Meat,2.62,8.0,20.96
44,6,3,1,2025-07-24,Lunch,A,Soup,1.37,1.5,2.06
44,5,2,2,2025-07-24,Dinner,B,Rice,3.26,2.0,6.52
44,6,2,4,2025-07-24,Dinner,D,Soup,1.72,1.5,2.58
44,7,2,3,2025-07-24,Dinner,C,Vegetables,4.52,3.0,13.56
44,5,2,4,2025-07-24,Dinner,D,Rice,0.73,2.0,1.46
44,7,1,4,2025-07-24,Breakfast,D,Vegetables,0.55,3.0,1.65
44,6,1,4,2025-07-24,Breakfast,D,Soup,1.32,1.5,1.98
44,7,3,1,2025-07-24,Lunch,A,Vegetables,3.42,3.0,10.26
45,7,1,2,2025-07-25,Breakfast,B,Vegetables,0.24,3.0,0.72
45,5,1,4,2025-07-25,Breakfast,D,Rice,4.43,2.0,8.86
45,7,3,4,2025-07-25,Lunch,D,Vegetables,1.86,3.0,5.58
45,7,3,1,2025-07-25,Lunch,A,Vegetables,2.8,3.0,8.4
45,4,1,2,2025-07-25,Breakfast,B,Meat,2.04,8.0,16.32
45,6,2,3,2025-07-25,Dinner,C,Soup,2.69,1.5,4.04
45,5,1,1,2025-07-25,Breakfast,A,Rice,0.31,2.0,0.62
45,5,1,3,2025-07-25,Breakfast,C,Rice,0.95,2.0,1.9
45,5,2,3,2025-07-25,Dinner,C,Rice,3.91,2.0,7.82
45,6,1,4,2025-07-25,Breakfast,D,Soup,1.3,1.5,1.95
45,5,2,2,2025-07-25,Dinner,B,Rice,0.98,2.0,1.96
45,5,3,1,2025-07-25,Lunch,A,Rice,1.55,2.0,3.1
45,6,1,3,2025-07-25,Breakfast,C,Soup,1.47,1.5,2.21
45,4,3,2,2025-07-25,Lunch,B,Meat,0.77,8.0,6.16
45,6,3,1,2025-07-25,Lunch,A,Soup,0.4,1.5,0.6
45,5,3,3,2025-07-25,Lunch,C,Rice,2.68,2.0,5.36
45,7,1,3,2025-07-25,Breakfast,C,Vegetables,1.02,3.0,3.06
45,5,2,1,2025-07-25,Dinner,A,Rice,2.47,2.0,4.94
45,6,1,1,2025-07-25,Breakfast,A,Soup,2.91,1.5,4.37
45,6,2,1,2025-07-25,Dinner,A,Soup,2.0,1.5,3.0
45,4,1,1,2025-07-25,Breakfast,A,Meat,2.36,8.0,18.88
45,4,3,1,2025-07-25,Lunch,A,Meat,2.12,8.0,16.96
45,4,1,3,2025-07-25,Breakfast,C,Meat,1.15,8.0,9.2
45,7,2,2,2025-07-25,Dinner,B,Vegetables,1.17,3.0,3.51
45,7,2,3,2025-07-25,Dinner,C,Vegetables,4.96,3.0,14.88
45,6,3,4,2025-07-25,Lunch,D,Soup,2.77,1.5,4.16
45,7,1,4,2025-07-25,Breakfast,D,Vegetables,3.13,3.0,9.39
45,6,1,2,2025-07-25,Breakfast,B,Soup,3.45,1.5,5.18
45,4,2,1,2025-07-25,Dinner,A,Meat,4.57,8.0,36.56
45,4,1,4,2025-07-25,Breakfast,D,Meat,0.27,8.0,2.16
45,4,2,3,2025-07-25,Dinner,C,Meat,0.39,8.0,3.12
45,5,2,4,2025-07-25,Dinner,D,Rice,3.86,2.0,7.72
45,4,3,3,2025-07-25,Lunch,C,Meat,3.19,8.0,25.52
45,7,1,1,2025-07-25,Breakfast,A,Vegetables,0.92,3.0,2.76
45,5,3,2,2025-07-25,Lunch,B,Rice,1.47,2.0,2.94
45,5,3,4,2025-07-25,Lunch,D,Rice,4.95,2.0,9.9
45,5,1,2,2025-07-25,Breakfast,B,Rice,4.13,2.0,8.26
45,7,3,2,2025-07-25,Lunch,B,Vegetables,1.08,3.0,3.24
45,7,2,4,2025-07-25,Dinner,D,Vegetables,4.87,3.0,14.61
45,7,3,3,2025-07-25,Lunch,C,Vegetables,4.03,3.0,12.09
45,4,2,4,2025-07-25,Dinner,D,Meat,5.0,8.0,40.0
45,4,2,2,2025-07-25,Dinner,B,Meat,1.66,8.0,13.28
45,6,2,2,2025-07-25,Dinner,B,Soup,4.49,1.5,6.74
45,4,3,4,2025-07-25,Lunch,D,Meat,3.93,8.0,31.44
45,6,2,4,2025-07-25,Dinner,D,Soup,0.59,1.5,0.88
46,4,3,4,2025-07-26,Lunch,D,Meat,1.24,8.0,9.92
46,4,1,2,2025-07-26,Breakfast,B,Meat,4.98,8.0,39.84
46,7,3,4,2025-07-26,Lunch,D,Vegetables,1.17,3.0,3.51
46,6,1,1,2025-07-26,Breakfast,A,Soup,4.59,1.5,6.88
46,4,2,1,2025-07-26,Dinner,A,Meat,4.6,8.0,36.8
46,4,3,2,2025-07-26,Lunch,B,Meat,2.86,8.0,22.88
46,5,2,2,2025-07-26,Dinner,B,Rice,3.61,2.0,7.22
46,7,2,1,2025-07-26,Dinner,A,Vegetables,1.09,3.0,3.27
46,7,3,3,2025-07-26,Lunch,C,Vegetables,1.61,3.0,4.83
46,7,1,1,2025-07-26,Breakfast,A,Vegetables,4.1,3.0,12.3
46,5,3,1,2025-07-26,Lunch,A,Rice,4.58,2.0,9.16
46,4,1,4,2025-07-26,Breakfast,D,Meat,3.0,8.0,24.0
46,4,2,2,2025-07-26,Dinner,B,Meat,4.6,8.0,36.8
46,4,2,3,2025-07-26,Dinner,C,Meat,2.97,8.0,23.76
46,6,1,4,2025-07-26,Breakfast,D,Soup,3.52,1.5,5.28
46,5,1,2,2025-07-26,Breakfast,B,Rice,0.37,2.0,0.74
46,6,3,3,2025-07-26,Lunch,C,Soup,2.5,1.5,3.75
46,7,2,3,2025-07-26,Dinner,C,Vegetables,4.59,3.0,13.77
46,6,1,3,2025-07-26,Breakfast,C,Soup,4.24,1.5,6.36
46,6,2,3,2025-07-26,Dinner,C,Soup,3.89,1.5,5.83
46,4,1,1,2025-07-26,Breakfast,A,Meat,1.41,8.0,11.28
46,6,2,4,2025-07-26,Dinner,D,Soup,1.93,1.5,2.9
46,5,3,3,2025-07-26,Lunch,C,Rice,4.42,2.0,8.84
46,6,1,2,2025-07-26,Breakfast,B,Soup,4.25,1.5,6.38
46,5,1,4,2025-07-26,Breakfast,D,Rice,0.96,2.0,1.92
46,7,3,1,2025-07-26,Lunch,A,Vegetables,3.53,3.0,10.59
46,5,3,2,2025-07-26,Lunch,B,Rice,2.86,2.0,5.72
46,7,1,2,2025-07-26,Breakfast,B,Vegetables,1.18,3.0,3.54
46,5,2,4,2025-07-26,Dinner,D,Rice,4.25,2.0,8.5
46,6,3,1,2025-07-26,Lunch,A,Soup,4.74,1.5,7.11
46,5,2,1,2025-07-26,Dinner,A,Rice,0.1,2.0,0.2
46,4,3,1,2025-07-26,Lunch,A,Meat,0.24,8.0,1.92
46,7,2,4,2025-07-26,Dinner,D,Vegetables,4.81,3.0,14.43
46,4,3,3,2025-07-26,Lunch,C,Meat,2.51,8.0,20.08
46,5,3,4,2025-07-26,Lunch,D,Rice,0.54,2.0,1.08
46,6,3,2,2025-07-26,Lunch,B,Soup,4.94,1.5,7.41
46,7,1,4,2025-07-26,Breakfast,D,Vegetables,4.05,3.0,12.15
46,7,1,3,2025-07-26,Breakfast,C,Vegetables,4.21,3.0,12.63
46,6,2,1,2025-07-26,Dinner,A,Soup,0.74,1.5,1.11
46,5,1,3,2025-07-26,Breakfast,C,Rice,4.01,2.0,8.02
47,6,1,2,2025-07-27,Breakfast,B,Soup,3.98,1.5,5.97
47,7,1,3,2025-07-27,Breakfast,C,Vegetables,0.95,3.0,2.85
47,5,1,3,2025-07-27,Breakfast,C,Rice,4.81,2.0,9.62
47,4,1,1,2025-07-27,Breakfast,A,Meat,2.04,8.0,16.32
47,7,3,1,2025-07-27,Lunch,A,Vegetables,1.6,3.0,4.8
47,6,1,3,2025-07-27,Breakfast,C,Soup,4.85,1.5,7.28
47,5,1,2,2025-07-27,Breakfast,B,Rice,0.77,2.0,1.54
47,5,2,3,2025-07-27,Dinner,C,Rice,0.53,2.0,1.06
47,5,3,1,2025-07-27,Lunch,A,Rice,2.99,2.0,5.98
47,7,3,4,2025-07-27,Lunch,D,Vegetables,4.84,3.0,14.52
47,6,2,2,2025-07-27,Dinner,B,Soup,4.44,1.5,6.66
47,6,3,1,2025-07-27,Lunch,A,Soup,3.47,1.5,5.21
47,5,2,4,2025-07-27,Dinner,D,Rice,2.29,2.0,4.58
47,6,2,1,2025-07-27,Dinner,A,Soup,3.75,1.5,5.62
47,6,1,1,2025-07-27,Breakfast,A,Soup,1.58,1.5,2.37
47,5,1,1,2025-07-27,Breakfast,A,Rice,4.72,2.0,9.44
47,7,1,1,2025-07-27,Breakfast,A,Vegetables,0.6,3.0,1.8
47,5,2,2,2025-07-27,Dinner,B,Rice,1.27,2.0,2.54
47,4,3,3,2025-07-27,Lunch,C,Meat,4.97,8.0,39.76
47,4,2,2,2025-07-27,Dinner,B,Meat,4.91,8.0,39.28
47,7,2,2,2025-07-27,Dinner,B,Vegetables,0.92,3.0,2.76
47,4,2,1,2025-07-27,Dinner,A,Meat,4.69,8.0,37.52
47,4,1,2,2025-07-27,Breakfast,B,Meat,0.87,8.0,6.96
47,4,3,2,2025-07-27,Lunch,B,Meat,3.67,8.0,29.36
47,7,3,3,2025-07-27,Lunch,C,Vegetables,4.83,3.0,14.49
47,6,2,3,2025-07-27,Dinner,C,Soup,4.44,1.5,6.66
47,5,3,2,2025-07-27,Lunch,B,Rice,0.72,2.0,1.44
47,6,3,2,2025-07-27,Lunch,B,Soup,4.75,1.5,7.12
47,6,3,4,2025-07-27,Lunch,D,Soup,1.18,1.5,1.77
47,4,1,3,2025-07-27,Breakfast,C,Meat,3.28,8.0,26.24
47,5,1,4,2025-07-27,Breakfast,D,Rice,3.5,2.0,7.0
47,5,3,4,2025-07-27,Lunch,D,Rice,3.05,2.0,6.1
47,4,1,4,2025-07-27,Breakfast,D,Meat,4.65,8.0,37.2
47,5,3,3,2025-07-27,Lunch,C,Rice,2.02,2.0,4.04
47,5,2,1,2025-07-27,Dinner,A,Rice,2.87,2.0,5.74
47,7,2,4,2025-07-27,Dinner,D,Vegetables,1.32,3.0,3.96
47,7,3,2,2025-07-27,Lunch,B,Vegetables,4.75,3.0,14.25
47,7,2,3,2025-07-27,Dinner,C,Vegetables,3.23,3.0,9.69
47,4,2,3,2025-07-27,Dinner,C,Meat,3.57,8.0,28.56
47,7,2,1,2025-07-27,Dinner,A,Vegetables,0.79,3.0,2.37
47,7,1,4,2025-07-27,Breakfast,D,Vegetables,3.96,3.0,11.88
47,4,3,1,2025-07-27,Lunch,A,Meat,0.96,8.0,7.68
47,6,1,4,2025-07-27,Breakfast,D,Soup,1.19,1.5,1.78
48,7,1,4,2025-07-28,Breakfast,D,Vegetables,3.47,3.0,10.41
48,5,1,2,2025-07-28,Breakfast,B,Rice,3.69,2.0,7.38
48,4,3,3,2025-07-28,Lunch,C,Meat,2.78,8.0,22.24
48,5,2,1,2025-07-28,Dinner,A,Rice,4.72,2.0,9.44
48,4,2,2,2025-07-28,Dinner,B,Meat,1.11,8.0,8.88
48,4,2,3,2025-07-28,Dinner,C,Meat,3.68,8.0,29.44
48,6,2,2,2025-07-28,Dinner,B,Soup,3.52,1.5,5.28
48,6,1,2,2025-07-28,Breakfast,B,Soup,2.52,1.5,3.78
48,4,1,1,2025-07-28,Breakfast,A,Meat,0.63,8.0,5.04
48,4,2,1,2025-07-28,Dinner,A,Meat,0.91,8.0,7.28
48,5,1,4,2025-07-28,Breakfast,D,Rice,4.33,2.0,8.66
48,4,1,2,2025-07-28,Breakfast,B,Meat,4.85,8.0,38.8
48,7,1,3,2025-07-28,Breakfast,C,Vegetables,0.6,3.0,1.8
48,7,1,2,2025-07-28,Breakfast,B,Vegetables,4.43,3.0,13.29
48,5,2,2,2025-07-28,Dinner,B,Rice,0.6,2.0,1.2
48,6,2,1,2025-07-28,Dinner,A,Soup,0.87,1.5,1.3
48,4,3,4,2025-07-28,Lunch,D,Meat,3.11,8.0,24.88
48,6,3,2,2025-07-28,Lunch,B,Soup,1.94,1.5,2.91
48,7,3,1,2025-07-28,Lunch,A,Vegetables,1.55,3.0,4.65
48,4,1,3,2025-07-28,Breakfast,C,Meat,2.78,8.0,22.24
48,6,1,4,2025-07-28,Breakfast,D,Soup,0.9,1.5,1.35
48,5,3,3,2025-07-28,Lunch,C,Rice,3.69,2.0,7.38
48,5,3,1,2025-07-28,Lunch,A,Rice,0.46,2.0,0.92
48,5,3,4,2025-07-28,Lunch,D,Rice,3.01,2.0,6.02
48,7,2,3,2025-07-28,Dinner,C,Vegetables,1.4,3.0,4.2
48,5,2,3,2025-07-28,Dinner,C,Rice,3.64,2.0,7.28
48,6,2,3,2025-07-28,Dinner,C,Soup,1.48,1.5,2.22
48,5,1,1,2025-07-28,Breakfast,A,Rice,1.36,2.0,2.72
48,6,2,4,2025-07-28,Dinner,D,Soup,4.22,1.5,6.33
48,6,3,4,2025-07-28,Lunch,D,Soup,0.25,1.5,0.38
48,7,1,1,2025-07-28,Breakfast,A,Vegetables,0.11,3.0,0.33
48,7,3,4,2025-07-28,Lunch,D,Vegetables,2.47,3.0,7.41
48,7,2,1,2025-07-28,Dinner,A,Vegetables,4.46,3.0,13.38
48,4,3,1,2025-07-28,Lunch,A,Meat,4.24,8.0,33.92
48,7,3,3,2025-07-28,Lunch,C,Vegetables,4.5,3.0,13.5
48,4,1,4,2025-07-28,Breakfast,D,Meat,3.29,8.0,26.32
48,6,3,3,2025-07-28,Lunch,C,Soup,0.56,1.5,0.84
48,6,1,1,2025-07-28,Breakfast,A,Soup,1.99,1.5,2.98
48,6,3,1,2025-07-28,Lunch,A,Soup,1.66,1.5,2.49
48,5,3,2,2025-07-28,Lunch,B,Rice,4.76,2.0,9.52
48,7,2,4,2025-07-28,Dinner,D,Vegetables,2.9,3.0,8.7
49,7,1,3,2025-07-29,Breakfast,C,Vegetables,0.5,3.0,1.5
49,7,1,2,2025-07-29,Breakfast,B,Vegetables,1.08,3.0,3.24
49,5,3,1,2025-07-29,Lunch,A,Rice,0.55,2.0,1.1
49,6,2,1,2025-07-29,Dinner,A,Soup,4.22,1.5,6.33
49,4,1,1,2025-07-29,Breakfast,A,Meat,1.87,8.0,14.96
49,7,1,4,2025-07-29,Breakfast,D,Vegetables,2.5,3.0,7.5
49,5,3,3,2025-07-29,Lunch,C,Rice,1.21,2.0,2.42
49,7,3,1,2025-07-29,Lunch,A,Vegetables,1.01,3.0,3.03
49,6,2,4,2025-07-29,Dinner,D,Soup,4.51,1.5,6.76
49,7,2,1,2025-07-29,Dinner,A,Vegetables,2.81,3.0,8.43
49,4,2,1,2025-07-29,Dinner,A,Meat,2.99,8.0,23.92
49,7,3,3,2025-07-29,Lunch,C,Vegetables,0.4,3.0,1.2
49,5,1,4,2025-07-29,Breakfast,D,Rice,1.61,2.0,3.22
49,5,2,4,2025-07-29,Dinner,D,Rice,4.52,2.0,9.04
49,5,1,1,2025-07-29,Breakfast,A,Rice,0.85,2.0,1.7
49,7,3,2,2025-07-29,Lunch,B,Vegetables,1.39,3.0,4.17
49,6,1,3,2025-07-29,Breakfast,C,Soup,4.23,1.5,6.35
49,4,3,3,2025-07-29,Lunch,C,Meat,1.42,8.0,11.36
49,7,2,3,2025-07-29,Dinner,C,Vegetables,2.43,3.0,7.29
49,6,1,1,2025-07-29,Breakfast,A,Soup,1.54,1.5,2.31
49,5,3,4,2025-07-29,Lunch,D,Rice,3.37,2.0,6.74
49,4,2,2,2025-07-29,Dinner,B,Meat,2.15,8.0,17.2
49,5,2,3,2025-07-29,Dinner,C,Rice,2.43,2.0,4.86
49,6,3,1,2025-07-29,Lunch,A,Soup,4.44,1.5,6.66
49,5,1,2,2025-07-29,Breakfast,B,Rice,3.34,2.0,6.68
49,4,3,1,2025-07-29,Lunch,A,Meat,2.77,8.0,22.16
49,6,2,3,2025-07-29,Dinner,C,Soup,0.49,1.5,0.74
49,7,2,4,2025-07-29,Dinner,D,Vegetables,2.56,3.0,7.68
49,7,2,2,2025-07-29,Dinner,B,Vegetables,2.72,3.0,8.16
49,7,3,4,2025-07-29,Lunch,D,Vegetables,1.78,3.0,5.34
49,4,1,2,2025-07-29,Breakfast,B,Meat,3.04,8.0,24.32
49,5,1,3,2025-07-29,Breakfast,C,Rice,0.94,2.0,1.88
49,6,3,4,2025-07-29,Lunch,D,Soup,2.75,1.5,4.12
49,4,2,3,2025-07-29,Dinner,C,Meat,4.42,8.0,35.36
49,4,1,3,2025-07-29,Breakfast,C,Meat,1.53,8.0,12.24
49,4,2,4,2025-07-29,Dinner,D,Meat,3.6,8.0,28.8
49,4,3,4,2025-07-29,Lunch,D,Meat,0.52,8.0,4.16
49,6,1,2,2025-07-29,Breakfast,B,Soup,0.23,1.5,0.35
49,5,2,2,2025-07-29,Dinner,B,Rice,4.11,2.0,8.22
49,7,1,1,2025-07-29,Breakfast,A,Vegetables,2.2,3.0,6.6
49,6,1,4,2025-07-29,Breakfast,D,Soup,3.34,1.5,5.01
49,4,3,2,2025-07-29,Lunch,B,Meat,2.28,8.0,18.24
50,5,1,1,2025-07-30,Breakfast,A,Rice,4.02,2.0,8.04
50,7,3,1,2025-07-30,Lunch,A,Vegetables,4.58,3.0,13.74
50,4,3,2,2025-07-30,Lunch,B,Meat,2.05,8.0,16.4
50,4,1,3,2025-07-30,Breakfast,C,Meat,0.72,8.0,5.76
50,7,1,2,2025-07-30,Breakfast,B,Vegetables,4.92,3.0,14.76
50,4,1,4,2025-07-30,Breakfast,D,Meat,4.99,8.0,39.92
50,6,3,3,2025-07-30,Lunch,C,Soup,3.15,1.5,4.72
50,5,2,2,2025-07-30,Dinner,B,Rice,2.86,2.0,5.72
50,7,1,4,2025-07-30,Breakfast,D,Vegetables,3.17,3.0,9.51
50,5,1,4,2025-07-30,Breakfast,D,Rice,2.23,2.0,4.46
50,5,3,1,2025-07-30,Lunch,A,Rice,1.36,2.0,2.72
50,5,1,3,2025-07-30,Breakfast,C,Rice,4.06,2.0,8.12
50,7,2,2,2025-07-30,Dinner,B,Vegetables,1.5,3.0,4.5
50,6,2,1,2025-07-30,Dinner,A,Soup,4.63,1.5,6.95
50,7,1,3,2025-07-30,Breakfast,C,Vegetables,2.17,3.0,6.51
50,6,3,1,2025-07-30,Lunch,A,Soup,0.43,1.5,0.64
50,7,2,4,2025-07-30,Dinner,D,Vegetables,1.45,3.0,4.35
50,5,3,3,2025-07-30,Lunch,C,Rice,2.34,2.0,4.68
50,5,2,1,2025-07-30,Dinner,A,Rice,2.98,2.0,5.96
50,7,3,2,2025-07-30,Lunch,B,Vegetables,1.7,3.0,5.1
50,6,2,3,2025-07-30,Dinner,C,Soup,2.48,1.5,3.72
50,7,2,3,2025-07-30,Dinner,C,Vegetables,1.98,3.0,5.94
50,5,2,3,2025-07-30,Dinner,C,Rice,1.78,2.0,3.56
50,4,3,4,2025-07-30,Lunch,D,Meat,2.16,8.0,17.28
50,7,1,1,2025-07-30,Breakfast,A,Vegetables,3.14,3.0,9.42
50,4,1,2,2025-07-30,Breakfast,B,Meat,0.95,8.0,7.6
50,5,2,4,2025-07-30,Dinner,D,Rice,3.08,2.0,6.16
50,5,1,2,2025-07-30,Breakfast,B,Rice,3.81,2.0,7.62
50,5,3,4,2025-07-30,Lunch,D,Rice,2.66,2.0,5.32
50,4,3,3,2025-07-30,Lunch,C,Meat,4.38,8.0,35.04
50,7,3,3,2025-07-30,Lunch,C,Vegetables,3.95,3.0,11.85
50,6,3,2,2025-07-30,Lunch,B,Soup,1.45,1.5,2.17
50,6,1,1,2025-07-30,Breakfast,A,Soup,0.69,1.5,1.03
50,4,2,2,2025-07-30,Dinner,B,Meat,0.59,8.0,4.72
50,5,3,2,2025-07-30,Lunch,B,Rice,2.0,2.0,4.0
50,6,1,2,2025-07-30,Breakfast,B,Soup,4.86,1.5,7.29
50,6,3,4,2025-07-30,Lunch,D,Soup,0.83,1.5,1.24
50,6,1,4,2025-07-30,Breakfast,D,Soup,4.19,1.5,6.29
50,4,2,4,2025-07-30,Dinner,D,Meat,0.28,8.0,2.24
50,7,2,1,2025-07-30,Dinner,A,Vegetables,4.7,3.0,14.1
50,7,3,4,2025-07-30,Lunch,D,Vegetables,2.13,3.0,6.39
50,4,3,1,2025-07-30,Lunch,A,Meat,4.56,8.0,36.48
50,6,2,4,2025-07-30,Dinner,D,Soup,0.8,1.5,1.2
50,4,1,1,2025-07-30,Breakfast,A,Meat,3.42,8.0,27.36
51,7,1,4,2025-07-31,Breakfast,D,Vegetables,3.51,3.0,10.53
51,4,2,2,2025-07-31,Dinner,B,Meat,4.41,8.0,35.28
51,5,3,1,2025-07-31,Lunch,A,Rice,4.36,2.0,8.72
51,7,1,2,2025-07-31,Breakfast,B,Vegetables,3.75,3.0,11.25
51,5,2,4,2025-07-31,Dinner,D,Rice,4.6,2.0,9.2
51,4,3,2,2025-07-31,Lunch,B,Meat,1.42,8.0,11.36
51,6,3,3,2025-07-31,Lunch,C,Soup,3.73,1.5,5.59
51,7,2,2,2025-07-31,Dinner,B,Vegetables,0.24,3.0,0.72
51,4,1,1,2025-07-31,Breakfast,A,Meat,3.5,8.0,28.0
51,6,3,4,2025-07-31,Lunch,D,Soup,2.62,1.5,3.93
51,4,2,4,2025-07-31,Dinner,D,Meat,3.55,8.0,28.4
51,6,1,1,2025-07-31,Breakfast,A,Soup,4.46,1.5,6.69
51,6,3,2,2025-07-31,Lunch,B,Soup,3.26,1.5,4.89
51,7,2,4,2025-07-31,Dinner,D,Vegetables,1.44,3.0,4.32
51,4,3,4,2025-07-31,Lunch,D,Meat,4.35,8.0,34.8
51,4,3,3,2025-07-31,Lunch,C,Meat,1.14,8.0,9.12
51,6,2,2,2025-07-31,Dinner,B,Soup,1.04,1.5,1.56
51,7,2,3,2025-07-31,Dinner,C,Vegetables,1.32,3.0,3.96
51,7,3,3,2025-07-31,Lunch,C,Vegetables,4.14,3.0,12.42
51,4,2,3,2025-07-31,Dinner,C,Meat,4.2,8.0,33.6
51,6,1,3,2025-07-31,Breakfast,C,Soup,1.58,1.5,2.37
51,7,1,3,2025-07-31,Breakfast,C,Vegetables,4.11,3.0,12.33
51,7,1,1,2025-07-31,Breakfast,A,Vegetables,0.29,3.0,0.87
51,6,1,2,2025-07-31,Breakfast,B,Soup,4.61,1.5,6.92
51,5,1,3,2025-07-31,Breakfast,C,Rice,4.5,2.0,9.0
51,5,2,3,2025-07-31,Dinner,C,Rice,4.18,2.0,8.36
51,5,3,3,2025-07-31,Lunch,C,Rice,1.02,2.0,2.04
51,6,2,3,2025-07-31,Dinner,C,Soup,2.34,1.5,3.51
51,7,2,1,2025-07-31,Dinner,A,Vegetables,2.58,3.0,7.74
51,7,3,2,2025-07-31,Lunch,B,Vegetables,2.14,3.0,6.42
51,4,1,2,2025-07-31,Breakfast,B,Meat,1.26,8.0,10.08
51,4,3,1,2025-07-31,Lunch,A,Meat,0.76,8.0,6.08
51,4,1,3,2025-07-31,Breakfast,C,Meat,0.2,8.0,1.6
51,5,1,1,2025-07-31,Breakfast,A,Rice,3.08,2.0,6.16
51,5,3,4,2025-07-31,Lunch,D,Rice,3.82,2.0,7.64
51,6,2,4,2025-07-31,Dinner,D,Soup,4.14,1.5,6.21
51,5,1,4,2025-07-31,Breakfast,D,Rice,1.47,2.0,2.94
51,5,2,2,2025-07-31,Dinner,B,Rice,4.27,2.0,8.54
51,5,3,2,2025-07-31,Lunch,B,Rice,4.15,2.0,8.3
51,7,3,4,2025-07-31,Lunch,D,Vegetables,4.12,3.0,12.36
51,7,3,1,2025-07-31,Lunch,A,Vegetables,4.87,3.0,14.61
51,5,1,2,2025-07-31,Breakfast,B,Rice,1.72,2.0,3.44
51,6,1,4,2025-07-31,Breakfast,D,Soup,0.58,1.5,0.87
51,4,1,4,2025-07-31,Breakfast,D,Meat,2.51,8.0,20.08
51,6,3,1,2025-07-31,Lunch,A,Soup,2.27,1.5,3.4
52,6,3,1,2025-08-01,Lunch,A,Soup,4.3,1.5,6.45
52,5,3,4,2025-08-01,Lunch,D,Rice,4.57,2.0,9.14
52,4,3,3,2025-08-01,Lunch,C,Meat,3.92,8.0,31.36
52,7,2,2,2025-08-01,Dinner,B,Vegetables,1.94,3.0,5.82
52,5,1,3,2025-08-01,Breakfast,C,Rice,2.98,2.0,5.96
52,4,3,1,2025-08-01,Lunch,A,Meat,2.9,8.0,23.2
52,7,1,4,2025-08-01,Breakfast,D,Vegetables,1.5,3.0,4.5
52,7,3,2,2025-08-01,Lunch,B,Vegetables,1.42,3.0,4.26
52,7,2,4,2025-08-01,Dinner,D,Vegetables,2.61,3.0,7.83
52,5,3,2,2025-08-01,Lunch,B,Rice,3.27,2.0,6.54
52,5,2,4,2025-08-01,Dinner,D,Rice,2.05,2.0,4.1
52,6,3,3,2025-08-01,Lunch,C,Soup,0.14,1.5,0.21
52,7,3,3,2025-08-01,Lunch,C,Vegetables,3.86,3.0,11.58
52,4,3,4,2025-08-01,Lunch,D,Meat,3.27,8.0,26.16
52,6,1,2,2025-08-01,Breakfast,B,Soup,4.37,1.5,6.55
52,5,1,1,2025-08-01,Breakfast,A,Rice,2.58,2.0,5.16
52,5,1,4,2025-08-01,Breakfast,D,Rice,3.77,2.0,7.54
52,5,1,2,2025-08-01,Breakfast,B,Rice,1.93,2.0,3.86
52,6,2,1,2025-08-01,Dinner,A,Soup,4.84,1.5,7.26
52,6,3,2,2025-08-01,Lunch,B,Soup,2.11,1.5,3.17
52,4,2,4,2025-08-01,Dinner,D,Meat,0.6,8.0,4.8
52,5,2,1,2025-08-01,Dinner,A,Rice,1.34,2.0,2.68
52,7,1,3,2025-08-01,Breakfast,C,Vegetables,0.9,3.0,2.7
52,7,2,3,2025-08-01,Dinner,C,Vegetables,3.42,3.0,10.26
52,4,1,2,2025-08-01,Breakfast,B,Meat,3.01,8.0,24.08
52,5,3,1,2025-08-01,Lunch,A,Rice,0.9,2.0,1.8
52,6,2,3,2025-08-01,Dinner,C,Soup,4.14,1.5,6.21
52,7,2,1,2025-08-01,Dinner,A,Vegetables,1.6,3.0,4.8
52,4,1,4,2025-08-01,Breakfast,D,Meat,3.48,8.0,27.84
52,6,1,1,2025-08-01,Breakfast,A,Soup,0.25,1.5,0.38
52,5,2,3,2025-08-01,Dinner,C,Rice,1.33,2.0,2.66
52,7,3,4,2025-08-01,Lunch,D,Vegetables,3.05,3.0,9.15
52,6,1,4,2025-08-01,Breakfast,D,Soup,1.99,1.5,2.98
52,4,2,1,2025-08-01,Dinner,A,Meat,4.04,8.0,32.32
52,6,1,3,2025-08-01,Breakfast,C,Soup,4.48,1.5,6.72
52,4,3,2,2025-08-01,Lunch,B,Meat,3.42,8.0,27.36
52,7,3,1,2025-08-01,Lunch,A,Vegetables,4.83,3.0,14.49
52,6,3,4,2025-08-01,Lunch,D,Soup,0.14,1.5,0.21
52,4,1,3,2025-08-01,Breakfast,C,Meat,1.81,8.0,14.48
52,6,2,2,2025-08-01,Dinner,B,Soup,1.81,1.5,2.72
52,5,2,2,2025-08-01,Dinner,B,Rice,3.25,2.0,6.5
52,5,3,3,2025-08-01,Lunch,C,Rice,0.2,2.0,0.4
52,6,2,4,2025-08-01,Dinner,D,Soup,3.35,1.5,5.03
53,6,2,1,2025-08-02,Dinner,A,Soup,3.95,1.5,5.93
53,6,3,1,2025-08-02,Lunch,A,Soup,3.04,1.5,4.56
53,5,1,3,2025-08-02,Breakfast,C,Rice,3.24,2.0,6.48
53,4,3,4,2025-08-02,Lunch,D,Meat,3.57,8.0,28.56
53,6,2,4,2025-08-02,Dinner,D,Soup,3.84,1.5,5.76
53,6,3,4,2025-08-02,Lunch,D,Soup,1.03,1.5,1.54
53,5,1,1,2025-08-02,Breakfast,A,Rice,4.23,2.0,8.46
53,5,2,1,2025-08-02,Dinner,A,Rice,3.66,2.0,7.32
53,4,1,4,2025-08-02,Breakfast,D,Meat,1.56,8.0,12.48
53,6,1,3,2025-08-02,Breakfast,C,Soup,3.58,1.5,5.37
53,5,2,4,2025-08-02,Dinner,D,Rice,0.73,2.0,1.46
53,5,1,4,2025-08-02,Breakfast,D,Rice,4.47,2.0,8.94
53,6,2,3,2025-08-02,Dinner,C,Soup,0.58,1.5,0.87
53,6,3,2,2025-08-02,Lunch,B,Soup,3.31,1.5,4.96
53,7,2,2,2025-08-02,Dinner,B,Vegetables,2.59,3.0,7.77
53,7,2,4,2025-08-02,Dinner,D,Vegetables,4.06,3.0,12.18
53,5,2,3,2025-08-02,Dinner,C,Rice,4.22,2.0,8.44
53,6,3,3,2025-08-02,Lunch,C,Soup,2.0,1.5,3.0
53,4,1,3,2025-08-02,Breakfast,C,Meat,4.32,8.0,34.56
53,6,1,1,2025-08-02,Breakfast,A,Soup,3.08,1.5,4.62
53,4,1,1,2025-08-02,Breakfast,A,Meat,1.93,8.0,15.44
53,7,3,4,2025-08-02,Lunch,D,Vegetables,2.9,3.0,8.7
53,4,3,3,2025-08-02,Lunch,C,Meat,1.37,8.0,10.96
53,4,2,2,2025-08-02,Dinner,B,Meat,3.39,8.0,27.12
53,5,1,2,2025-08-02,Breakfast,B,Rice,1.56,2.0,3.12
53,4,3,1,2025-08-02,Lunch,A,Meat,4.05,8.0,32.4
53,7,2,1,2025-08-02,Dinner,A,Vegetables,2.72,3.0,8.16
53,7,1,2,2025-08-02,Breakfast,B,Vegetables,0.41,3.0,1.23
53,4,2,1,2025-08-02,Dinner,A,Meat,1.19,8.0,9.52
53,5,3,1,2025-08-02,Lunch,A,Rice,4.51,2.0,9.02
53,7,1,3,2025-08-02,Breakfast,C,Vegetables,1.38,3.0,4.14
53,4,1,2,2025-08-02,Breakfast,B,Meat,0.63,8.0,5.04
53,7,1,4,2025-08-02,Breakfast,D,Vegetables,0.83,3.0,2.49
53,7,3,3,2025-08-02,Lunch,C,Vegetables,2.15,3.0,6.45
53,7,3,1,2025-08-02,Lunch,A,Vegetables,4.03,3.0,12.09
53,4,3,2,2025-08-02,Lunch,B,Meat,3.44,8.0,27.52
53,7,2,3,2025-08-02,Dinner,C,Vegetables,0.99,3.0,2.97
53,7,3,2,2025-08-02,Lunch,B,Vegetables,3.63,3.0,10.89
53,5,3,2,2025-08-02,Lunch,B,Rice,3.34,2.0,6.68
53,7,1,1,2025-08-02,Breakfast,A,Vegetables,3.27,3.0,9.81
53,6,1,2,2025-08-02,Breakfast,B,Soup,4.94,1.5,7.41
53,4,2,4,2025-08-02,Dinner,D,Meat,1.37,8.0,10.96
53,6,2,2,2025-08-02,Dinner,B,Soup,4.24,1.5,6.36
53,4,2,3,2025-08-02,Dinner,C,Meat,4.39,8.0,35.12
54,6,1,3,2025-08-03,Breakfast,C,Soup,4.27,1.5,6.4
54,6,2,3,2025-08-03,Dinner,C,Soup,3.84,1.5,5.76
54,6,3,4,2025-08-03,Lunch,D,Soup,3.61,1.5,5.42
54,5,1,3,2025-08-03,Breakfast,C,Rice,1.72,2.0,3.44
54,6,3,2,2025-08-03,Lunch,B,Soup,4.29,1.5,6.44
54,4,3,3,2025-08-03,Lunch,C,Meat,1.08,8.0,8.64
54,7,2,1,2025-08-03,Dinner,A,Vegetables,3.19,3.0,9.57
54,5,3,2,2025-08-03,Lunch,B,Rice,1.97,2.0,3.94
54,7,3,1,2025-08-03,Lunch,A,Vegetables,2.55,3.0,7.65
54,4,2,3,2025-08-03,Dinner,C,Meat,3.85,8.0,30.8
54,6,2,1,2025-08-03,Dinner,A,Soup,0.97,1.5,1.46
54,5,2,1,2025-08-03,Dinner,A,Rice,3.92,2.0,7.84
54,7,1,3,2025-08-03,Breakfast,C,Vegetables,1.54,3.0,4.62
54,6,2,2,2025-08-03,Dinner,B,Soup,3.83,1.5,5.75
54,4,1,2,2025-08-03,Breakfast,B,Meat,3.75,8.0,30.0
54,7,1,1,2025-08-03,Breakfast,A,Vegetables,1.74,3.0,5.22
54,6,3,1,2025-08-03,Lunch,A,Soup,4.35,1.5,6.52
54,6,1,4,2025-08-03,Breakfast,D,Soup,4.73,1.5,7.1
54,7,3,3,2025-08-03,Lunch,C,Vegetables,2.11,3.0,6.33
54,4,3,4,2025-08-03,Lunch,D,Meat,2.34,8.0,18.72
54,5,2,3,2025-08-03,Dinner,C,Rice,0.93,2.0,1.86
54,7,2,3,2025-08-03,Dinner,C,Vegetables,2.5,3.0,7.5
54,5,2,4,2025-08-03,Dinner,D,Rice,0.53,2.0,1.06
54,5,2,2,2025-08-03,Dinner,B,Rice,3.21,2.0,6.42
54,6,1,1,2025-08-03,Breakfast,A,Soup,0.54,1.5,0.81
54,4,1,3,2025-08-03,Breakfast,C,Meat,1.38,8.0,11.04
54,6,2,4,2025-08-03,Dinner,D,Soup,2.08,1.5,3.12
54,5,3,1,2025-08-03,Lunch,A,Rice,0.45,2.0,0.9
54,7,2,4,2025-08-03,Dinner,D,Vegetables,3.2,3.0,9.6
54,5,1,2,2025-08-03,Breakfast,B,Rice,1.84,2.0,3.68
54,6,1,2,2025-08-03,Breakfast,B,Soup,3.96,1.5,5.94
54,7,1,2,2025-08-03,Breakfast,B,Vegetables,1.6,3.0,4.8
54,7,3,2,2025-08-03,Lunch,B,Vegetables,0.36,3.0,1.08
54,4,2,2,2025-08-03,Dinner,B,Meat,0.12,8.0,0.96
54,7,2,2,2025-08-03,Dinner,B,Vegetables,1.44,3.0,4.32
54,4,3,1,2025-08-03,Lunch,A,Meat,4.46,8.0,35.68
54,6,3,3,2025-08-03,Lunch,C,Soup,2.89,1.5,4.33
54,4,2,1,2025-08-03,Dinner,A,Meat,2.49,8.0,19.92
54,4,1,1,2025-08-03,Breakfast,A,Meat,3.43,8.0,27.44
54,4,2,4,2025-08-03,Dinner,D,Meat,3.11,8.0,24.88
54,7,3,4,2025-08-03,Lunch,D,Vegetables,1.65,3.0,4.95
55,5,2,2,2025-08-04,Dinner,B,Rice,3.7,2.0,7.4
55,7,3,1,2025-08-04,Lunch,A,Vegetables,4.14,3.0,12.42
55,7,1,3,2025-08-04,Breakfast,C,Vegetables,3.17,3.0,9.51
55,7,1,4,2025-08-04,Breakfast,D,Vegetables,0.73,3.0,2.19
55,6,2,3,2025-08-04,Dinner,C,Soup,1.35,1.5,2.03
55,6,2,1,2025-08-04,Dinner,A,Soup,0.74,1.5,1.11
55,7,3,4,2025-08-04,Lunch,D,Vegetables,4.75,3.0,14.25
55,5,2,1,2025-08-04,Dinner,A,Rice,2.08,2.0,4.16
55,4,2,4,2025-08-04,Dinner,D,Meat,0.34,8.0,2.72
55,5,3,1,2025-08-04,Lunch,A,Rice,2.98,2.0,5.96
55,7,2,1,2025-08-04,Dinner,A,Vegetables,3.66,3.0,10.98
55,6,1,4,2025-08-04,Breakfast,D,Soup,1.98,1.5,2.97
55,4,3,4,2025-08-04,Lunch,D,Meat,1.02,8.0,8.16
55,5,2,4,2025-08-04,Dinner,D,Rice,2.72,2.0,5.44
55,5,2,3,2025-08-04,Dinner,C,Rice,3.29,2.0,6.58
55,6,2,2,2025-08-04,Dinner,B,Soup,1.9,1.5,2.85
55,7,2,2,2025-08-04,Dinner,B,Vegetables,0.93,3.0,2.79
55,5,3,4,2025-08-04,Lunch,D,Rice,1.86,2.0,3.72
55,7,2,4,2025-08-04,Dinner,D,Vegetables,4.97,3.0,14.91
55,5,1,2,2025-08-04,Breakfast,B,Rice,1.93,2.0,3.86
55,6,3,2,2025-08-04,Lunch,B,Soup,1.76,1.5,2.64
55,7,1,1,2025-08-04,Breakfast,A,Vegetables,0.28,3.0,0.84
55,6,1,2,2025-08-04,Breakfast,B,Soup,4.18,1.5,6.27
55,4,1,2,2025-08-04,Breakfast,B,Meat,0.17,8.0,1.36
55,4,3,3,2025-08-04,Lunch,C,Meat,4.98,8.0,39.84
55,4,3,1,2025-08-04,Lunch,A,Meat,0.92,8.0,7.36
55,7,2,3,2025-08-04,Dinner,C,Vegetables,4.4,3.0,13.2
55,4,1,4,2025-08-04,Breakfast,D,Meat,1.79,8.0,14.32
55,6,3,1,2025-08-04,Lunch,A,Soup,1.56,1.5,2.34
55,4,1,3,2025-08-04,Breakfast,C,Meat,3.42,8.0,27.36
55,7,3,2,2025-08-04,Lunch,B,Vegetables,3.02,3.0,9.06
55,6,3,4,2025-08-04,Lunch,D,Soup,4.6,1.5,6.9
55,5,3,3,2025-08-04,Lunch,C,Rice,4.45,2.0,8.9
55,7,3,3,2025-08-04,Lunch,C,Vegetables,1.78,3.0,5.34
55,4,1,1,2025-08-04,Breakfast,A,Meat,1.98,8.0,15.84
55,4,2,3,2025-08-04,Dinner,C,Meat,0.28,8.0,2.24
55,4,2,2,2025-08-04,Dinner,B,Meat,2.99,8.0,23.92
55,5,1,1,2025-08-04,Breakfast,A,Rice,4.83,2.0,9.66
55,5,1,3,2025-08-04,Breakfast,C,Rice,1.03,2.0,2.06
55,6,1,3,2025-08-04,Breakfast,C,Soup,1.32,1.5,1.98
55,6,3,3,2025-08-04,Lunch,C,Soup,4.52,1.5,6.78
55,6,1,1,2025-08-04,Breakfast,A,Soup,1.08,1.5,1.62
56,7,1,2,2025-08-05,Breakfast,B,Vegetables,2.42,3.0,7.26
56,4,2,2,2025-08-05,Dinner,B,Meat,4.19,8.0,33.52
56,5,3,3,2025-08-05,Lunch,C,Rice,1.39,2.0,2.78
56,7,3,1,2025-08-05,Lunch,A,Vegetables,3.62,3.0,10.86
56,5,1,4,2025-08-05,Breakfast,D,Rice,3.35,2.0,6.7
56,5,3,1,2025-08-05,Lunch,A,Rice,4.17,2.0,8.34
56,7,3,3,2025-08-05,Lunch,C,Vegetables,1.09,3.0,3.27
56,7,1,4,2025-08-05,Breakfast,D,Vegetables,3.07,3.0,9.21
56,5,1,2,2025-08-05,Breakfast,B,Rice,1.96,2.0,3.92
56,7,1,3,2025-08-05,Breakfast,C,Vegetables,1.58,3.0,4.74
56,4,2,4,2025-08-05,Dinner,D,Meat,1.23,8.0,9.84
56,4,3,3,2025-08-05,Lunch,C,Meat,2.66,8.0,21.28
56,5,3,4,2025-08-05,Lunch,D,Rice,1.55,2.0,3.1
56,4,1,2,2025-08-05,Breakfast,B,Meat,2.78,8.0,22.24
56,6,3,3,2025-08-05,Lunch,C,Soup,3.55,1.5,5.32
56,7,2,3,2025-08-05,Dinner,C,Vegetables,3.65,3.0,10.95
56,6,2,4,2025-08-05,Dinner,D,Soup,1.55,1.5,2.33
56,4,1,4,2025-08-05,Breakfast,D,Meat,1.42,8.0,11.36
56,5,2,4,2025-08-05,Dinner,D,Rice,1.35,2.0,2.7
56,6,2,2,2025-08-05,Dinner,B,Soup,0.83,1.5,1.24
56,6,1,3,2025-08-05,Breakfast,C,Soup,3.34,1.5,5.01
56,4,1,1,2025-08-05,Breakfast,A,Meat,0.2,8.0,1.6
56,5,2,1,2025-08-05,Dinner,A,Rice,4.67,2.0,9.34
56,4,2,1,2025-08-05,Dinner,A,Meat,1.72,8.0,13.76
56,6,3,2,2025-08-05,Lunch,B,Soup,1.08,1.5,1.62
56,6,3,4,2025-08-05,Lunch,D,Soup,1.12,1.5,1.68
56,4,1,3,2025-08-05,Breakfast,C,Meat,3.19,8.0,25.52
56,5,2,2,2025-08-05,Dinner,B,Rice,4.54,2.0,9.08
56,6,3,1,2025-08-05,Lunch,A,Soup,0.68,1.5,1.02
56,6,2,3,2025-08-05,Dinner,C,Soup,0.6,1.5,0.9
56,4,3,1,2025-08-05,Lunch,A,Meat,0.61,8.0,4.88
56,6,1,2,2025-08-05,Breakfast,B,Soup,0.85,1.5,1.27
56,7,2,1,2025-08-05,Dinner,A,Vegetables,0.11,3.0,0.33
56,7,2,4,2025-08-05,Dinner,D,Vegetables,4.94,3.0,14.82
56,4,2,3,2025-08-05,Dinner,C,Meat,2.61,8.0,20.88
56,4,3,2,2025-08-05,Lunch,B,Meat,0.62,8.0,4.96
56,4,3,4,2025-08-05,Lunch,D,Meat,0.29,8.0,2.32
56,6,1,1,2025-08-05,Breakfast,A,Soup,2.14,1.5,3.21
56,7,2,2,2025-08-05,Dinner,B,Vegetables,3.38,3.0,10.14
56,6,1,4,2025-08-05,Breakfast,D,Soup,0.77,1.5,1.16
56,7,3,2,2025-08-05,Lunch,B,Vegetables,1.07,3.0,3.21
56,7,1,1,2025-08-05,Breakfast,A,Vegetables,3.48,3.0,10.44
57,7,2,2,2025-08-06,Dinner,B,Vegetables,0.99,3.0,2.97
57,4,1,3,2025-08-06,Breakfast,C,Meat,3.82,8.0,30.56
57,4,1,1,2025-08-06,Breakfast,A,Meat,0.59,8.0,4.72
57,4,2,1,2025-08-06,Dinner,A,Meat,0.88,8.0,7.04
57,5,2,1,2025-08-06,Dinner,A,Rice,4.72,2.0,9.44
57,6,2,4,2025-08-06,Dinner,D,Soup,0.65,1.5,0.98
57,4,1,4,2025-08-06,Breakfast,D,Meat,0.94,8.0,7.52
57,6,3,2,2025-08-06,Lunch,B,Soup,1.43,1.5,2.15
57,5,1,1,2025-08-06,Breakfast,A,Rice,2.37,2.0,4.74
57,4,2,2,2025-08-06,Dinner,B,Meat,3.42,8.0,27.36
57,6,3,4,2025-08-06,Lunch,D,Soup,0.39,1.5,0.58
57,7,1,3,2025-08-06,Breakfast,C,Vegetables,0.32,3.0,0.96
57,6,2,2,2025-08-06,Dinner,B,Soup,1.96,1.5,2.94
57,5,3,4,2025-08-06,Lunch,D,Rice,4.0,2.0,8.0
57,6,1,4,2025-08-06,Breakfast,D,Soup,2.24,1.5,3.36
57,4,3,2,2025-08-06,Lunch,B,Meat,2.06,8.0,16.48
57,4,3,4,2025-08-06,Lunch,D,Meat,0.65,8.0,5.2
57,7,2,3,2025-08-06,Dinner,C,Vegetables,3.45,3.0,10.35
57,5,1,4,2025-08-06,Breakfast,D,Rice,3.35,2.0,6.7
57,5,3,2,2025-08-06,Lunch,B,Rice,1.0,2.0,2.0
57,5,3,3,2025-08-06,Lunch,C,Rice,1.99,2.0,3.98
57,7,2,1,2025-08-06,Dinner,A,Vegetables,2.14,3.0,6.42
57,7,3,3,2025-08-06,Lunch,C,Vegetables,4.02,3.0,12.06
57,6,2,1,2025-08-06,Dinner,A,Soup,2.99,1.5,4.49
57,5,1,3,2025-08-06,Breakfast,C,Rice,0.57,2.0,1.14
57,7,1,4,2025-08-06,Breakfast,D,Vegetables,1.85,3.0,5.55
57,6,1,1,2025-08-06,Breakfast,A,Soup,0.29,1.5,0.43
57,4,2,4,2025-08-06,Dinner,D,Meat,0.74,8.0,5.92
57,4,3,1,2025-08-06,Lunch,A,Meat,4.4,8.0,35.2
57,6,1,3,2025-08-06,Breakfast,C,Soup,4.27,1.5,6.4
57,5,3,1,2025-08-06,Lunch,A,Rice,3.15,2.0,6.3
57,7,1,2,2025-08-06,Breakfast,B,Vegetables,1.63,3.0,4.89
57,5,2,4,2025-08-06,Dinner,D,Rice,4.87,2.0,9.74
57,6,3,3,2025-08-06,Lunch,C,Soup,3.28,1.5,4.92
57,5,2,3,2025-08-06,Dinner,C,Rice,1.86,2.0,3.72
57,7,3,1,2025-08-06,Lunch,A,Vegetables,0.56,3.0,1.68
57,7,3,4,2025-08-06,Lunch,D,Vegetables,3.51,3.0,10.53
57,5,2,2,2025-08-06,Dinner,B,Rice,4.03,2.0,8.06
57,5,1,2,2025-08-06,Breakfast,B,Rice,1.52,2.0,3.04
58,5,1,4,2025-08-07,Breakfast,D,Rice,2.66,2.0,5.32
58,5,1,3,2025-08-07,Breakfast,C,Rice,2.87,2.0,5.74
58,6,1,4,2025-08-07,Breakfast,D,Soup,3.34,1.5,5.01
58,7,1,3,2025-08-07,Breakfast,C,Vegetables,3.38,3.0,10.14
58,6,3,3,2025-08-07,Lunch,C,Soup,4.27,1.5,6.4
58,7,1,1,2025-08-07,Breakfast,A,Vegetables,1.38,3.0,4.14
58,6,2,3,2025-08-07,Dinner,C,Soup,0.68,1.5,1.02
58,6,2,4,2025-08-07,Dinner,D,Soup,2.12,1.5,3.18
58,7,1,2,2025-08-07,Breakfast,B,Vegetables,3.86,3.0,11.58
58,5,3,2,2025-08-07,Lunch,B,Rice,4.21,2.0,8.42
58,7,1,4,2025-08-07,Breakfast,D,Vegetables,0.57,3.0,1.71
58,4,1,1,2025-08-07,Breakfast,A,Meat,0.33,8.0,2.64
58,4,1,3,2025-08-07,Breakfast,C,Meat,4.89,8.0,39.12
58,5,2,4,2025-08-07,Dinner,D,Rice,2.54,2.0,5.08
58,4,3,2,2025-08-07,Lunch,B,Meat,2.84,8.0,22.72
58,6,2,2,2025-08-07,Dinner,B,Soup,4.03,1.5,6.04
58,6,3,1,2025-08-07,Lunch,A,Soup,1.99,1.5,2.98
58,7,3,4,2025-08-07,Lunch,D,Vegetables,2.51,3.0,7.53
58,6,1,2,2025-08-07,Breakfast,B,Soup,2.93,1.5,4.4
58,4,3,4,2025-08-07,Lunch,D,Meat,0.47,8.0,3.76
58,4,1,4,2025-08-07,Breakfast,D,Meat,3.53,8.0,28.24
58,5,3,1,2025-08-07,Lunch,A,Rice,1.32,2.0,2.64
58,6,1,1,2025-08-07,Breakfast,A,Soup,1.64,1.5,2.46
58,7,2,4,2025-08-07,Dinner,D,Vegetables,0.6,3.0,1.8
58,7,3,1,2025-08-07,Lunch,A,Vegetables,3.41,3.0,10.23
58,7,3,3,2025-08-07,Lunch,C,Vegetables,4.26,3.0,12.78
58,4,2,4,2025-08-07,Dinner,D,Meat,3.3,8.0,26.4
58,4,1,2,2025-08-07,Breakfast,B,Meat,3.42,8.0,27.36
58,5,1,1,2025-08-07,Breakfast,A,Rice,2.12,2.0,4.24
58,5,2,1,2025-08-07,Dinner,A,Rice,4.85,2.0,9.7
58,5,3,3,2025-08-07,Lunch,C,Rice,3.25,2.0,6.5
58,7,3,2,2025-08-07,Lunch,B,Vegetables,4.94,3.0,14.82
58,5,1,2,2025-08-07,Breakfast,B,Rice,3.55,2.0,7.1
58,6,3,2,2025-08-07,Lunch,B,Soup,0.37,1.5,0.55
58,7,2,1,2025-08-07,Dinner,A,Vegetables,1.19,3.0,3.57
58,5,2,3,2025-08-07,Dinner,C,Rice,2.3,2.0,4.6
58,6,2,1,2025-08-07,Dinner,A,Soup,3.25,1.5,4.88
58,5,2,2,2025-08-07,Dinner,B,Rice,2.08,2.0,4.16
58,7,2,2,2025-08-07,Dinner,B,Vegetables,2.35,3.0,7.05
58,4,2,1,2025-08-07,Dinner,A,Meat,0.35,8.0,2.8
59,7,1,3,2025-08-08,Breakfast,C,Vegetables,1.88,3.0,5.64
59,4,1,3,2025-08-08,Breakfast,C,Meat,4.76,8.0,38.08
59,4,3,2,2025-08-08,Lunch,B,Meat,1.19,8.0,9.52
59,5,2,4,2025-08-08,Dinner,D,Rice,4.2,2.0,8.4
59,7,3,2,2025-08-08,Lunch,B,Vegetables,1.77,3.0,5.31
59,7,1,1,2025-08-08,Breakfast,A,Vegetables,0.55,3.0,1.65
59,5,3,3,2025-08-08,Lunch,C,Rice,4.83,2.0,9.66
59,7,2,1,2025-08-08,Dinner,A,Vegetables,3.09,3.0,9.27
59,6,3,4,2025-08-08,Lunch,D,Soup,3.61,1.5,5.42
59,6,2,2,2025-08-08,Dinner,B,Soup,3.93,1.5,5.9
59,4,2,3,2025-08-08,Dinner,C,Meat,0.63,8.0,5.04
59,5,3,2,2025-08-08,Lunch,B,Rice,3.82,2.0,7.64
59,6,1,4,2025-08-08,Breakfast,D,Soup,3.14,1.5,4.71
59,4,1,4,2025-08-08,Breakfast,D,Meat,2.33,8.0,18.64
59,4,2,1,2025-08-08,Dinner,A,Meat,0.62,8.0,4.96
59,5,1,1,2025-08-08,Breakfast,A,Rice,2.83,2.0,5.66
59,6,1,2,2025-08-08,Breakfast,B,Soup,1.11,1.5,1.66
59,7,3,4,2025-08-08,Lunch,D,Vegetables,0.79,3.0,2.37
59,6,2,4,2025-08-08,Dinner,D,Soup,2.31,1.5,3.46
59,7,2,2,2025-08-08,Dinner,B,Vegetables,2.34,3.0,7.02
59,7,3,3,2025-08-08,Lunch,C,Vegetables,2.66,3.0,7.98
59,5,1,3,2025-08-08,Breakfast,C,Rice,3.39,2.0,6.78
59,7,2,4,2025-08-08,Dinner,D,Vegetables,3.88,3.0,11.64
59,5,3,1,2025-08-08,Lunch,A,Rice,2.42,2.0,4.84
59,4,3,1,2025-08-08,Lunch,A,Meat,3.32,8.0,26.56
59,5,2,2,2025-08-08,Dinner,B,Rice,4.66,2.0,9.32
59,6,3,1,2025-08-08,Lunch,A,Soup,0.66,1.5,0.99
59,6,1,1,2025-08-08,Breakfast,A,Soup,3.06,1.5,4.59
59,5,1,2,2025-08-08,Breakfast,B,Rice,3.13,2.0,6.26
59,6,3,2,2025-08-08,Lunch,B,Soup,4.17,1.5,6.25
59,6,3,3,2025-08-08,Lunch,C,Soup,3.54,1.5,5.31
59,6,1,3,2025-08-08,Breakfast,C,Soup,0.37,1.5,0.55
59,5,2,1,2025-08-08,Dinner,A,Rice,3.64,2.0,7.28
59,7,2,3,2025-08-08,Dinner,C,Vegetables,2.13,3.0,6.39
59,5,1,4,2025-08-08,Breakfast,D,Rice,1.19,2.0,2.38
59,7,3,1,2025-08-08,Lunch,A,Vegetables,3.61,3.0,10.83
59,4,1,1,2025-08-08,Breakfast,A,Meat,0.1,8.0,0.8
59,6,2,3,2025-08-08,Dinner,C,Soup,4.64,1.5,6.96
59,5,3,4,2025-08-08,Lunch,D,Rice,0.32,2.0,0.64
59,4,2,2,2025-08-08,Dinner,B,Meat,2.03,8.0,16.24
60,6,3,3,2025-08-09,Lunch,C,Soup,0.75,1.5,1.12
60,5,1,1,2025-08-09,Breakfast,A,Rice,3.33,2.0,6.66
60,6,3,4,2025-08-09,Lunch,D,Soup,1.56,1.5,2.34
60,4,2,2,2025-08-09,Dinner,B,Meat,1.08,8.0,8.64
60,7,2,3,2025-08-09,Dinner,C,Vegetables,4.91,3.0,14.73
60,7,3,4,2025-08-09,Lunch,D,Vegetables,3.77,3.0,11.31
60,6,1,1,2025-08-09,Breakfast,A,Soup,2.54,1.5,3.81
60,5,1,2,2025-08-09,Breakfast,B,Rice,2.7,2.0,5.4
60,7,3,1,2025-08-09,Lunch,A,Vegetables,2.57,3.0,7.71
60,7,2,4,2025-08-09,Dinner,D,Vegetables,3.5,3.0,10.5
60,5,2,4,2025-08-09,Dinner,D,Rice,4.8,2.0,9.6
60,6,1,2,2025-08-09,Breakfast,B,Soup,4.21,1.5,6.32
60,4,2,3,2025-08-09,Dinner,C,Meat,3.39,8.0,27.12
60,5,3,1,2025-08-09,Lunch,A,Rice,3.04,2.0,6.08
60,4,2,1,2025-08-09,Dinner,A,Meat,4.32,8.0,34.56
60,5,2,1,2025-08-09,Dinner,A,Rice,3.54,2.0,7.08
60,4,2,4,2025-08-09,Dinner,D,Meat,2.57,8.0,20.56
60,4,3,3,2025-08-09,Lunch,C,Meat,4.86,8.0,38.88
60,7,2,1,2025-08-09,Dinner,A,Vegetables,3.59,3.0,10.77
60,4,1,1,2025-08-09,Breakfast,A,Meat,4.79,8.0,38.32
60,7,3,3,2025-08-09,Lunch,C,Vegetables,2.32,3.0,6.96
60,6,3,1,2025-08-09,Lunch,A,Soup,1.98,1.5,2.97
60,7,1,2,2025-08-09,Breakfast,B,Vegetables,4.68,3.0,14.04
60,5,3,4,2025-08-09,Lunch,D,Rice,2.12,2.0,4.24
60,6,2,2,2025-08-09,Dinner,B,Soup,1.52,1.5,2.28
60,7,3,2,2025-08-09,Lunch,B,Vegetables,3.84,3.0,11.52
60,4,1,3,2025-08-09,Breakfast,C,Meat,2.59,8.0,20.72
60,5,2,2,2025-08-09,Dinner,B,Rice,3.2,2.0,6.4
60,4,3,4,2025-08-09,Lunch,D,Meat,3.53,8.0,28.24
60,7,1,3,2025-08-09,Breakfast,C,Vegetables,4.61,3.0,13.83
60,5,2,3,2025-08-09,Dinner,C,Rice,1.79,2.0,3.58
60,5,3,3,2025-08-09,Lunch,C,Rice,4.82,2.0,9.64
60,7,2,2,2025-08-09,Dinner,B,Vegetables,3.16,3.0,9.48
60,4,1,4,2025-08-09,Breakfast,D,Meat,3.68,8.0,29.44
60,4,1,2,2025-08-09,Breakfast,B,Meat,0.34,8.0,2.72
60,6,1,3,2025-08-09,Breakfast,C,Soup,0.97,1.5,1.46
60,6,1,4,2025-08-09,Breakfast,D,Soup,2.0,1.5,3.0
60,7,1,1,2025-08-09,Breakfast,A,Vegetables,0.76,3.0,2.28
60,5,1,3,2025-08-09,Breakfast,C,Rice,2.47,2.0,4.94
61,4,3,2,2025-08-10,Lunch,B,Meat,3.48,8.0,27.84
61,7,3,4,2025-08-10,Lunch,D,Vegetables,3.74,3.0,11.22
61,6,3,4,2025-08-10,Lunch,D,Soup,2.85,1.5,4.28
61,6,3,3,2025-08-10,Lunch,C,Soup,4.35,1.5,6.52
61,7,1,1,2025-08-10,Breakfast,A,Vegetables,2.45,3.0,7.35
61,6,2,4,2025-08-10,Dinner,D,Soup,4.36,1.5,6.54
61,5,2,1,2025-08-10,Dinner,A,Rice,1.26,2.0,2.52
61,6,1,3,2025-08-10,Breakfast,C,Soup,2.66,1.5,3.99
61,7,3,1,2025-08-10,Lunch,A,Vegetables,1.5,3.0,4.5
61,6,2,2,2025-08-10,Dinner,B,Soup,4.79,1.5,7.18
61,6,3,2,2025-08-10,Lunch,B,Soup,3.79,1.5,5.68
61,4,1,1,2025-08-10,Breakfast,A,Meat,1.83,8.0,14.64
61,6,1,2,2025-08-10,Breakfast,B,Soup,4.22,1.5,6.33
61,7,3,3,2025-08-10,Lunch,C,Vegetables,0.6,3.0,1.8
61,6,2,3,2025-08-10,Dinner,C,Soup,0.16,1.5,0.24
61,6,3,1,2025-08-10,Lunch,A,Soup,1.33,1.5,2.0
61,7,2,2,2025-08-10,Dinner,B,Vegetables,2.0,3.0,6.0
61,7,2,3,2025-08-10,Dinner,C,Vegetables,2.81,3.0,8.43
61,4,1,3,2025-08-10,Breakfast,C,Meat,4.25,8.0,34.0
61,5,3,2,2025-08-10,Lunch,B,Rice,4.21,2.0,8.42
61,5,3,4,2025-08-10,Lunch,D,Rice,3.72,2.0,7.44
61,4,2,2,2025-08-10,Dinner,B,Meat,4.64,8.0,37.12
61,7,2,4,2025-08-10,Dinner,D,Vegetables,3.93,3.0,11.79
61,4,1,4,2025-08-10,Breakfast,D,Meat,0.81,8.0,6.48
61,5,3,3,2025-08-10,Lunch,C,Rice,0.26,2.0,0.52
61,6,1,4,2025-08-10,Breakfast,D,Soup,1.08,1.5,1.62
61,4,2,3,2025-08-10,Dinner,C,Meat,1.63,8.0,13.04
61,7,1,2,2025-08-10,Breakfast,B,Vegetables,3.76,3.0,11.28
61,5,1,1,2025-08-10,Breakfast,A,Rice,0.67,2.0,1.34
61,7,2,1,2025-08-10,Dinner,A,Vegetables,4.01,3.0,12.03
61,5,2,3,2025-08-10,Dinner,C,Rice,4.88,2.0,9.76
61,5,1,3,2025-08-10,Breakfast,C,Rice,1.5,2.0,3.0
61,4,2,4,2025-08-10,Dinner,D,Meat,3.14,8.0,25.12
61,4,1,2,2025-08-10,Breakfast,B,Meat,2.15,8.0,17.2
61,7,1,4,2025-08-10,Breakfast,D,Vegetables,3.38,3.0,10.14
61,7,3,2,2025-08-10,Lunch,B,Vegetables,1.55,3.0,4.65
61,4,3,1,2025-08-10,Lunch,A,Meat,0.89,8.0,7.12
61,5,1,2,2025-08-10,Breakfast,B,Rice,3.37,2.0,6.74
61,5,3,1,2025-08-10,Lunch,A,Rice,3.78,2.0,7.56
61,5,2,4,2025-08-10,Dinner,D,Rice,1.33,2.0,2.66
61,5,2,2,2025-08-10,Dinner,B,Rice,3.36,2.0,6.72
61,6,1,1,2025-08-10,Breakfast,A,Soup,2.9,1.5,4.35
61,7,1,3,2025-08-10,Breakfast,C,Vegetables,4.06,3.0,12.18
61,4,2,1,2025-08-10,Dinner,A,Meat,3.94,8.0,31.52
61,6,2,1,2025-08-10,Dinner,A,Soup,1.51,1.5,2.26
